accel_x,accel_y,accel_z
0.009934283060224654,0.02477305972880576,1.118697961882804
0.012257272888652013,0.021993530991803793,1.0995157697013151
0.04265792891971734,0.038689215810816156,1.0964595628006815
0.0741721737932538,0.07477056583888714,1.1011846432470915
0.05204382741820894,0.0783568505193814,1.1122543822759483
0.06377197145388527,0.056589980316924596,1.0788207675643275
0.11021309952380973,0.08495742626729241,1.0915277693554633
0.10236707005001075,0.1037680684712627,1.0588580107953334
0.08404340652696216,0.05998789745213514,1.0940090673485057
0.10857801322853865,0.10768578341584471,1.091122332142529
0.09053431898657792,0.08577159320150173,1.0591770713452757
0.09029876584291212,0.11137626251659861,1.0896696369167698
0.10200241872278808,0.08436204517333425,1.0219135920494233
0.054242115790289855,0.061919550599568024,1.0044946802375398
0.05125430896910457,0.0626039053492608,1.024980019118257
0.06580557369275948,0.0920381861811492,1.0277508441816592
0.0463445643367367,0.0910289516314379,1.0266754333610122
0.060924381325332407,0.06140944348926053,0.970140795246796
0.023277076588904214,0.08491315190567728,0.987608242565955
-0.0009508804749732876,0.03063465145988191,0.9526285643897079
0.041846298734861495,0.05345117872673167,0.9381993149442432
-0.007028535554064426,0.02076032019981823,0.9486913029758443
-0.016151741803769135,0.021577056797668928,0.9347467829542803
-0.06058932470499009,0.024752613767756514,0.8823484379346953
-0.056845640552652434,-0.004516926487183184,0.9372260387417721
-0.056560073435049985,-0.006275231660181282,0.9308769212841413
-0.09328486852833096,0.010248182589211476,0.8881889380268327
-0.0726427381201742,-0.03258285302626555,0.9079357177743471
-0.10024189644187145,-0.015229615295227546,0.9111270459297459
-0.10013292858515196,-0.06502788286817415,0.909570648916574
-0.11026285731745682,-0.04178575840474852,0.898286394331588
-0.06288338357388018,-0.032829263092544685,0.9025257943648163
-0.09963107554675951,-0.11958445774412722,0.9237162213490938
-0.11769238246244539,-0.09368405192119864,0.9573964512048629
-0.07507321902002799,-0.0728058913578932,0.9557886427093707
-0.108849665549622,-0.09393169086255496,0.9495299552253399
-0.07124786617351529,-0.08682300186082818,0.9852232375801823
-0.10389899863453994,-0.10949654342244092,0.9262417671670287
-0.07908118397409822,-0.09761123242075755,1.0199315451504836
-0.035200141966337785,-0.10311341784218504,0.9759636335616994
-0.01009965711657724,-0.07602334059028748,1.0171055380721097
-0.006608805861322099,-0.0923998707351836,1.0150927950847555
0.0027114661702120745,-0.08759989534258761,1.0240092698658392
0.013948924139654897,-0.098247578286753,1.0845841365034246
0.004893852510103162,-0.09427016144791568,1.0623075592659572
0.03377848324227732,-0.08659727973774607,1.0875185447892939
0.051580254350264795,-0.06248920508632297,1.0870395412756846
0.09317334701316897,-0.07033081995843853,1.1032298866156243
0.08850629086308762,-0.046857453638028256,1.09914930479769
0.05412333930787167,-0.0012139885315452376,1.0740146442288
0.10158733101741126,-0.014822688922834146,1.119759941804135
0.09096694881246048,-0.027876823199122814,1.0882150308509897
0.08645366441426244,0.01382963453302294,1.063342801032906
0.11127966834648248,-0.007064181896573523,1.0804941093662137
0.11647216935165663,-0.028387216610157997,1.1119546395603759
0.1091083076289259,0.0033333728377675544,1.0902637388069922
0.06627523945512848,-0.003101120186027255,1.05620854286504
0.06756706421879312,0.0376656155732507,1.0449133885584982
0.0693944047571414,0.054874323593611746,1.0331927225016813
0.06987322270602338,0.09714832975555655,1.0681313239851988
0.027228970511562,0.07845886695778011,1.0206986313521502
0.018713896561661825,0.0749200917018146,1.0078751671662252
-0.014594018927327191,0.10225872368402748,1.0061082588518035
-0.031456813034406714,0.04672176978653688,0.9767831977498074
-0.006176559647054134,0.09976859900145926,0.9538654151631211
-0.009687654697051268,0.11337087312182122,0.9429393852287109
-0.0518025225951828,0.07002751585856443,0.9342681190755877
-0.04269847817122957,0.12284737592488114,0.925016119490398
-0.06651859123486469,0.10583789359772175,0.9317898517989015
-0.09596198501168371,0.08859204861958689,0.9113317524202839
-0.08325479313643362,0.1061451856703761,0.9197125669498603
-0.06509144757241819,0.13430059556694254,0.9000235534689008
-0.09976266335186414,0.08678551403343639,0.9016651772266863
-0.0686992313041015,0.08131163525986121,0.8604889988105017
-0.1510634965025817,0.05938352273700297,0.9210391777498376
-0.07866760154201091,0.042921216192619446,0.9137579712530198
-0.08764320105036301,0.06710658645087798,0.9326814336529786
-0.08761407208103572,0.02331470416194041,0.8623541836503648
-0.07019568695808066,0.03128754502491028,0.9711256888768435
-0.10054440806147846,0.009341426704787811,0.9369929500011195
-0.052568805166921716,0.017271104361344197,0.9735236820964605
-0.02732204088721677,0.003063404847954191,0.9430651024334564
0.009586882843389578,0.005885740781798836,0.9893112809950839
-0.015389836183449995,-0.036130670445379855,0.969617783406081
-0.0061337005727424045,-0.042061803726798686,0.992018689987457
0.014833847844794735,-0.06650506816966689,1.0564969367845245
0.05744540903776167,-0.06548150812804575,1.0277773869503881
0.05909248518932316,-0.05799233816097317,1.0487117508190362
0.054110392081603675,-0.05850387247522328,1.073690185034409
0.08569048673587748,-0.09925127532023492,1.0770543748624468
0.08637434353716228,-0.0695476604223085,1.0797201680689499
0.11089701707274957,-0.06484796913532523,1.0921186206614177
0.08249710200578035,-0.0875379586844364,1.1393772106526658
0.09280788812004548,-0.0608925129750654,1.0949041079086925
0.09208678420141578,-0.1152683283449551,1.1029935658680965
0.06895842611022653,-0.1247746664090634,1.12101167830476
0.10022145913057799,-0.1342687805999287,1.1212284265253503
0.09345022808709316,-0.06632523723252833,1.1200869444010328
0.08025896761993696,-0.07948078498279239,1.1045113597407774
0.06557325431238199,-0.08881898850648945,1.0625169983423948
0.030471110388239075,-0.07612645019339272,1.1100573169804473
0.037545079606841704,-0.09720988948955826,1.0449970127417938
0.02524007065018554,-0.01780488317984249,1.063216069447413
0.0014567605130952586,-0.055302807623821795,1.0302267687664113
-0.0007127046889863525,-0.04612699677158012,1.0313140152498221
-0.004452306220139703,-0.023609883893081045,1.025834673144855
0.010428524472478086,-0.017828215106193195,1.0119817970932574
-0.03794600184269175,-0.01194318401988248,1.0001823287778007
-0.04948842685897154,-0.020993002770272128,1.0103649025684973
-0.06809010505874852,0.015549436043848768,0.9739260941190031
-0.11542674858355985,0.054985942953513334,0.9474074648869225
-0.08628294312834953,0.055257608643475634,0.9599176898221747
-0.0913031164846253,0.07085446637926891,0.9539032019699198
-0.04789833104176163,0.03890974706167767,0.8963727111956292
-0.1034605802099397,0.03885748641694527,0.9251924722561362
-0.09377172599615492,0.06489997870637632,0.9212425771879998
-0.09842104775092425,0.07643495347504291,0.8970124983481704
-0.11680645499805185,0.10414662571968492,0.928073725365365
-0.06416191917665229,0.0543047399664686,0.8970513375385114
-0.0635901825599265,0.12350989867959669,0.9039635528065989
-0.052634071652007924,0.09333633414908797,0.9012701760975521
-0.07491464400857062,0.0903034983038679,0.9101402315651904
-0.0156556904463714,0.07968072933648954,0.8947203991383004
-0.05774117941354909,0.0666306288457188,0.8962522920229237
-0.003285417036070498,0.1147218599920923,0.9667805888868282
0.0438091125161995,0.09700000825632869,0.9290305424468196
-0.004788167590538007,0.06578896188186034,0.9382519469530765
0.01837820356564789,0.06057087851699043,0.9279217341997325
0.04570460396684608,0.07353614274021712,0.9716734809714976
0.046657381830351737,0.10638624186948141,0.9717506973593422
0.03744144197154611,0.059635136056020374,1.0448466742647586
0.08000010270978243,0.02575693706638919,1.045767543358446
0.06577230119243052,0.041184537203885214,1.0248851995651673
0.10290474285836479,0.03033549996322563,1.0960366298945505
0.07933832767214329,-0.02891449065508784,1.0819902268379658
0.13080136094317796,0.012850884270507216,1.066035738718592
0.08394829506759252,-0.0019464451461869803,1.0313379906495292
0.09072194296735389,0.005297692318487274,1.134387224767374
0.10877806503083928,0.017164229714143078,1.0663295603292513
0.06113537929068617,-0.008218866414295648,1.0649701105859672
0.0816005229696617,-0.04667030909992552,1.1202193352429781
0.09274404182907385,-0.07343781137563658,1.1485495282452676
0.022489769982202396,-0.009199282319142604,1.1255234589629852
0.04513023526997475,-0.0680661363027049,1.1053332373532698
0.03249284943670113,-0.07667110579825268,1.1003728918844413
0.028169780791976646,-0.08414816466133503,1.0982809620903002
-0.027252023761895144,-0.08535091110534522,1.087576762763744
-0.043911438159213015,-0.09670557694388512,1.0678264084527582
-0.021655529668383005,-0.10859861837735857,1.0529043431958982
-0.04001829259748488,-0.11012855883450819,1.037216692884174
-0.05376866822232972,-0.10064504133201918,1.0103036276412791
-0.06333603278994544,-0.1103794574537456,1.0061995481319048
-0.09375719291865736,-0.11201737451544115,0.9641586843319219
-0.08358404870027523,-0.09263222870870719,0.9822936133572009
-0.08843760412331285,-0.09564995693445019,0.9510314356031302
-0.11251575343339619,-0.05510313520127266,0.9358313138456942
-0.0626134570411638,-0.13174655811996464,0.9494039144704963
-0.08988447263376509,-0.04943526511012707,0.9625828748234004
-0.1203642338273804,-0.037971353445107686,0.9432908796126148
-0.07839304508941518,-0.09518490866269633,0.8851284793803644
-0.10392642595474788,-0.05070853882098683,0.8899520802831743
-0.05968344599876141,-0.04086093795220843,0.9234880331938595
-0.041533684576796334,-0.0507325133448071,0.8817694027789579
-0.06893110936316396,-0.027000229678107952,0.8955536703782422
-0.019869844098833887,-0.02237080631641763,0.9115813890390608
-0.016613370177755816,0.04617276128167963,0.8836441151352743
0.006405031714768129,0.040985383697859805,0.9093994450149133
0.042960291471055845,0.058562805725447545,0.8866609611881822
0.015063235731383014,0.05800169676171372,0.9090168520361938
0.019389569030301774,0.03086708360088489,0.936648828862933
0.03038507881766104,0.05215465037253081,0.9089328710300906
0.04447682407015158,0.08082904397895725,0.9612713015694357
0.07048886830050853,0.054087768791384,0.9646450051171728
0.08845696456805129,0.09927565406551228,0.989330494296728
0.09491795840172666,0.0856082603610519,0.9964162544075013
0.11164931661023582,0.08716217127691517,1.033031857354958
0.09892863225834496,0.11191211725228646,1.021954940380257
0.12906278596352797,0.10836425514468256,1.0241926819452505
0.09375300590490601,0.09277465588540287,1.0479317212137822
0.15025556223352995,0.12241790458991425,1.0681889713034662
0.10299605220190215,0.07557945525778753,1.069043892104714
0.06591643879125564,0.1062468767780794,1.078323686124123
0.052333461774595094,0.10131747687335976,1.0714384750206474
0.07241858443393388,0.0776488037959241,1.078556064503317
0.04589306445705909,0.0836754218601516,1.0683462005930955
0.05109246515030954,0.044457708650295955,1.1341350592580308
0.03189182858640914,0.07939996728796636,1.0751201023034074
0.006076102299655813,0.04788244029721966,1.0850854410415038
-0.024468554914161146,0.031128015359386883,1.0816340169606382
-0.052724020588655315,0.05203333797918874,1.1091278195692833
-0.04574275430980791,0.006040179434586811,1.078817112698493
-0.033234344277106476,-0.019225443885502937,1.101541580203161
-0.058487261246465916,-0.03348635072486672,1.0535265021537323
-0.09866608731005697,-0.0015010425474398272,1.0617076751215468
-0.07959597140255754,-0.05032325917874128,1.0274815698237325
-0.0827763576520252,-0.00039643031192970746,1.0743092216673151
-0.11352932762576019,-0.08745504518656633,0.994272857463463
-0.09597164045075456,-0.02162605850630405,1.0104959644995624
-0.09882793005146162,-0.06036371570818519,1.0031677892047128
-0.1215280003773993,-0.07472199139582952,0.985142315555557
-0.08794990442254973,-0.090959738601691,0.9599759868410354
-0.07816845188776185,-0.07832928798883965,0.9485935812787857
-0.05997290020821297,-0.09221251647065454,0.9405056356815626
-0.05095486144809294,-0.0733729801174027,0.9262804759665335
-0.08834641712860233,-0.09591419962260897,0.9394394788267144
-0.06693186820847447,-0.09669772952941391,0.9568368203794784
-0.02416358697327857,-0.10720706837967203,0.895607828412285
-0.009695279033196814,-0.10002789086728253,0.8752717061838137
0.005276521908143838,-0.09042355532059497,0.8986690479678479
0.08709080129821553,-0.12723953682698982,0.9516952210826988
0.036286798930348904,-0.1152676973034285,0.8855996757787067
0.061848679487332095,-0.06757823333895803,0.9379034316580037
0.07159749826599361,-0.0721123207781996,0.9439330592015225
0.07773342118306022,-0.07133033988980919,0.9062749377731945
0.06911975318080364,-0.05853863983554591,0.9372708131156141
0.09961217696006688,-0.042459648591768345,0.9684173184343302
0.07606761297134025,-0.05007909382339237,0.9394488763888885
0.09180179174852711,-0.04422066696335403,0.9551523585017865
0.08965386009541879,-0.013742209260258334,0.9605607723859163
0.10156643005178538,-0.026005474625113826,0.9654001327534727
0.144521896406339,0.01303039234032067,0.9864834866786637
0.05695374973745146,-0.017945144817386984,0.9887741317063832
0.10195432645098569,0.04772503085259751,1.0274656776190396
0.04790238106329486,0.04728245601971735,1.0244046523391666
0.06082635966409618,0.053156314606950354,1.0567405948482285
0.08055753716859475,0.07728098255175708,1.0322144739520902
0.04724358644405836,0.099791770615857,1.080009300428148
0.01053946542213471,0.09477533257298208,1.0987214796367668
0.0031962317123283464,0.04472433566618464,1.0492700949535574
0.0161049645230276,0.061962279239333826,1.1020192178563248
-0.027140655990772602,0.07995073698205003,1.122681227838848
-0.022966021760092954,0.09668098776257758,1.0756527896070178
-0.04052612130125187,0.10899574327599268,1.1331100501697249
-0.0676714416255434,0.0853506893044597,1.1059507731038711
-0.023722304956918606,0.10354788338167996,1.0795205813996784
-0.06437294383121853,0.08337652921774648,1.0867698442925002
-0.1262555173525171,0.08366710178773373,1.0916395719131062
-0.08877863438805725,0.06395218773315037,1.0730457532859226
-0.1103989025868351,0.06863208639439877,1.071988871734019
-0.0825646942183928,0.053961532653036035,1.031320602609435
-0.11565308761148117,0.05434132647378628,1.0406928292081752
-0.10002154118615739,0.08685147246451168,0.9958911763279195
-0.08333314866605222,0.037870025188293605,1.008339790386504
-0.06970327158355014,0.0998585144434665,0.9786834671890622
-0.10263477135477755,0.046826870128895984,0.9683101086275983
-0.07514473530968763,0.029934615079933696,0.9943255749312903
-0.06622580113589473,-0.001987133999768024,0.9785927923008523
-0.056778161316567696,0.017934387301202205,0.9569370009584578
0.005604926647918066,-0.018886590671156264,0.9119495634994671
-0.006922924692856516,-0.016141443439640794,0.9177722170548994
-0.02521767908670105,0.02164967009924197,0.9401148555187939
0.033379797853170856,-0.04206600222712839,0.9120450419649635
0.07214728209795626,-0.027239175896469285,0.9506870975623163
0.06436088187611612,-0.07372626982488945,0.9090823400751611
0.026339495593595098,-0.06903827657683302,0.9038569595084607
0.058770029135543425,-0.04072507250018518,0.8945410518476544
0.10396706619739429,-0.09551012131446325,0.9059955179917156
0.07286498615457679,-0.05249135484388818,0.904720910999504
0.10230928280858582,-0.07922096436545306,0.928137568637372
0.11321949342540609,-0.10806791508613128,0.9409556329874178
0.08126406341126548,-0.08637591359930825,0.9154394101985777
0.0984228537930813,-0.08051320015220083,0.9151854392778753
0.032337826490085944,-0.08719102905984065,0.9168469872284644
0.07201996785676011,-0.12942168701066759,0.976377648696515
0.08070130259150192,-0.10969749762342142,0.9574416851294651
0.05209566063828194,-0.09602685995895176,0.9501333100115343
0.09924941282205804,-0.08732317017900916,1.0147746925587653
0.026036607114214648,-0.06708233404033533,1.0705415098444815
0.03263666836538873,-0.06858728271146464,1.0338439558718733
0.02991000509745456,-0.09057193987946331,1.0633710817093107
0.04135878913775247,-0.04716881767955865,1.0599847262278923
-0.031230252567922574,-0.03276892928939108,1.0670041027100667
0.005760969145571771,-0.023417969995091215,1.0966812042737437
-0.031889699760328814,-0.0021890258303360333,1.0803182280418469
-0.06558815908310786,0.003987102272482371,1.0976526145341843
-0.049536455743981765,0.007767722360153309,1.1031588619227277
-0.06628380306841525,0.008474359365904197,1.0859379988701159
-0.09216103603026361,-0.012174203034517106,1.1198211998851315
-0.08683308094369488,0.04053582191918191,1.0952543626620006
-0.10200532552652154,0.04658749951828419,1.080527923210047
-0.0959583781678438,0.057813418706961515,1.1014376994629116
-0.08668633377363799,0.03612566398929666,1.0660723786406017
-0.06764079472909384,0.04853043693341583,1.0763363203784597
-0.12129447385986435,0.09880920387844683,1.06587574924744
-0.04886344976896646,0.0835562308243706,1.0768012716991493
-0.12347454854065172,0.10350079708914739,1.0525517227905365
-0.0784608399743224,0.09481228685086343,1.0297101974578813
-0.05293925202725294,0.0980119624780393,1.0331427064043752
-0.046897625641429165,0.11810870428973545,1.0308479198373046
-0.05159135708013193,0.08967897856999597,1.0003982969897751
-0.02903143372363101,0.10130139736230334,0.9758526954966953
-0.0198961901782984,0.08824278182710711,0.936277082375718
-0.006762863320907758,0.08566202403544547,0.9287948273582349
0.036963039991861193,0.08382659649493102,0.9325279051570519
0.04160460203675244,0.08896071239914033,0.9161481726646193
0.03431717550495867,0.06837114354808438,0.9156721067856113
0.07878502727812559,0.09549337044535965,0.9131550456446739
0.07817689290632274,0.0440189842976435,0.9169047850159726
0.09789116744849735,0.04891551789272965,0.9009771574623333
0.10197671925359865,0.03392738333897086,0.9100555441639524
0.07852575141107385,0.061184740678543015,0.9014548828810104
0.08746497361684735,0.025287448085997852,0.8624005061587067
0.11493797652284685,0.03083153469962903,0.8867388531175241
0.11125354787833446,-0.030808533024596567,0.9080618363000356
0.09543414702245473,-0.007034268776013531,0.8938666613954884
0.09282925291277785,-0.00570248314364653,0.9387392706352012
0.10861288783534984,-0.032669038448981016,0.967433431093677
0.06191988395910103,-0.023386277752769594,0.9724766943890797
0.07371108375247071,-0.06485172501182791,0.9561057190553675
0.04631846711489829,-0.035432634706339075,1.003218158423017
0.03245883120392369,-0.025942357010111647,0.9899134268365235
0.04440261313468246,-0.08655887348678491,0.9939839463552355
0.024041007532553938,-0.09458066248837298,1.0022293569580152
0.008737512167219796,-0.061876786424340455,1.0219431917009603
0.0036825000481482857,-0.0634648649246736,1.0331902055496407
-0.036392378435812583,-0.1084107697871472,1.0565419422370999
-0.03672326073767657,-0.10800297711607837,1.0675113353571284
-0.06897447126093878,-0.1056079872379527,1.0743003561824735
-0.06726798468604854,-0.12595697566851904,1.0915015024687653
-0.08566245100693483,-0.11527084582728694,1.1135200907915892
-0.0885427859467477,-0.11357236368329188,1.1139313173032779
-0.08394903839299933,-0.10424268971293733,1.0686641555599294
-0.11541055623433455,-0.08384188668000227,1.0488291038815964
-0.058144358906672425,-0.07166292888312423,1.1182333857236417
-0.11878894205078085,-0.03756073087152653,1.0699498017759037
-0.11938942388527007,-0.07988518439669134,1.0886764902270865
-0.06622192494512522,-0.030813422150462243,1.0638765080230272
-0.06580067119245965,-0.04471615756462819,1.0436811000341606
-0.059548506147747704,-0.030845494473572047,1.0814710597828672
-0.048226119584175255,-0.0053981857967583535,1.0753983606418296
-0.04842030286711037,-0.030145948277663325,1.0371097662237554
-0.05240937974716847,0.0112580321814655,0.9843159331811349
-0.018454906887566538,0.018194102267619458,1.0120193081411177
-0.018567666048219075,0.03577936774844779,1.0171499854384964
0.0295385661534764,0.04244767789908685,0.9659276994231439
0.021927841086442378,0.09603579665223852,0.9854508886883941
0.022627422747869497,0.04384084324149652,0.9681027680508851
0.04608974616306963,0.05491840892183378,0.9672227366365794
0.07296422524245669,0.061180834279634354,0.9461027769476487
0.064150647017531,0.06969842645347715,0.9133978840793741
0.06798838463887284,0.07419203627829087,0.9472196400672115
0.09639786149192989,0.11574105693357517,0.912010007927367
0.10143749530550171,0.12421674170870722,0.9081450102619009
0.08922226754457824,0.08701350335123714,0.8852781569691717
0.09050818115169247,0.08314543290079901,0.8921627700423725
0.10286972382002156,0.10930988347056317,0.8823053553348544
0.06533736675933997,0.08764991473622384,0.897423170935341
0.060079847155964344,0.10890475981742224,0.9378878313130218
0.06578781406203922,0.09662655852689986,0.8808252218411792
0.06599605394564796,0.05739241278833576,0.8823516754454613
0.06499667654120757,0.11267592674639082,0.9520347202154469
0.0754651104011402,0.11061766200550172,0.9278896058547951
0.04924755344476129,0.05446414896249136,0.9294551850841695
0.014303535298259238,0.05013320006460734,0.9754858079811233
0.0021326853862803784,0.054032200478176175,0.9552909070235809
-0.032583910649185976,0.04481435217079614,1.0172607693321534
-0.027665456271580176,0.04061928519438418,1.0080038646425338
-0.04721073087773084,0.056624955280792914,0.9984978581439914
-0.04818506346666521,0.0016445691114850111,1.065055487077986
-0.08314580561447152,-0.02208601379189711,1.0230302934512099
-0.06666439399275527,-0.044931837584303094,1.0625513098474513
-0.05509788735931337,-0.04296780851921367,1.065349905151722
-0.09468292365258292,-0.0396532733039568,1.095921033596549
-0.0891289388494885,-0.013242903319945057,1.110305356436168
-0.08581048108009502,-0.06900180880284036,1.0873956121221766
-0.10782708228054388,-0.06293995807559083,1.0777125202512945
-0.09324496272061109,-0.07564891315072411,1.106235674443412
-0.0931810462300255,-0.0584949298813039,1.0858861035058252
-0.08506485349597596,-0.03761538404329258,1.1402152956713705
-0.09408903889077139,-0.1035362677487906,1.1012786828844865
-0.06796450710768986,-0.10628528097103222,1.0879619563905283
-0.04676692908776667,-0.07795790216143475,1.0938649555037367
-0.014688704509192674,-0.08628498704916666,1.0564115733332016
-0.01051874163599981,-0.06279361576831355,1.0555144095549773
0.02804109023815543,-0.08657988460633473,1.0891177905365592
-0.015346951257761211,-0.10271949072830198,1.0408923450073855
0.03246897164648883,-0.07977508326283547,1.0209819864041592
0.03337099827247056,-0.06429838234660493,1.039743518578739
0.08750763532944657,-0.06384219310207279,1.0392613671679722
0.04056092920557226,-0.06286033074154802,1.0161665729858087
0.051660273749252875,-0.04349346929150988,1.0079145826540852
0.06664099030478135,-0.03243388431983839,0.9592928966570173
0.04454046098075624,-0.018456218664854123,0.9329155801964413
0.08291779381204602,-0.02281577360638679,0.979038759251445
0.08254415912574536,-0.0283656038100813,0.9311914861250234
0.10281054857235129,-0.011002507872197642,0.9224509732821345
0.10644848042986049,0.021457933872179917,0.9452377778899804
0.13468659007578515,-0.007712278441964272,0.9225562268724539
0.11151619744716695,0.027188358362221395,0.9149967457771088
0.0742145925061171,0.022883390758703145,0.9454219613729165
0.05908303085061183,0.04186743174752484,0.8873617087896118
0.07643957017355552,0.07687633045294875,0.9188023224431426
0.028234770533014528,0.06448845974453751,0.9033022599051669
0.07806673341641555,0.0701792359461173,0.9113167906250428
0.05088399596615854,0.0497525688169129,0.9420915634771152
0.0031498103143361347,0.09859073423967911,0.9289440642110988
-0.036775700126151264,0.10222228994352361,0.9383677306129841
0.009575141585780909,0.13708346317151532,0.959247566772826
-0.034385157885772843,0.09096981354069371,0.9418806242922821
-0.02120165982267955,0.10357438656297907,0.9447472512110561
-0.09066707840513447,0.10497764960191433,0.9537208967009669
0.13236836927303527,0.1368292583955706,0.9623213570047782
0.28161814366279714,0.1073930097526206,1.0700293989060536
0.3125573912836271,0.11764895608564438,1.0340600421770865
0.2261774330178452,0.1257852658572871,1.0786178236282902
0.1065359658817769,0.1177613312822077,1.1038683261199045
-0.06579285501788192,0.10441387427647916,1.1411113332779859
-0.11630466170926443,0.11553181739115817,1.175802684385047
-0.06948346865034491,0.13051953844610226,1.1999772299669345
0.09016282985221283,0.08510987494938943,1.1929538059296396
0.3144148896269537,0.10420648811462613,1.2215283073250751
0.49956545681429343,0.08289124279504805,1.249055912652594
0.6480641942920811,0.11571398125971721,1.2551454883650668
0.7546679130646239,0.05598015783061506,1.3071005781422174
0.6798545301692748,0.06975008323090089,1.2977006904357338
0.5370843574754544,0.0829553466265449,1.313609628411526
0.4628348258779587,0.10134635705746864,1.3213503058659692
0.3806765160320505,0.06363021402989905,1.3389741599093143
0.4556374390777459,0.04917390783144159,1.3248839185665486
0.5935670650208743,0.09379040697896704,1.2995794016300308
0.8586210951385836,0.023779281678164316,1.336431782565097
1.076263294152342,0.006136174267045699,1.3172033630062434
1.1923139906873206,0.0571930409549212,1.3205437514231448
1.2645102847031966,0.037635537743191005,1.3430619697821
1.1975224871496257,0.027622113794709635,1.3559046127793868
1.084016744318624,0.06373931074884921,1.3312148443177014
0.9075601862702618,0.05718309638720759,1.3367262099246804
0.874458206643633,0.045008669239534546,1.3647250445864878
0.9196988214449568,0.035938394363259185,1.3362523693597117
1.004766723063622,0.08552553035066585,1.3850952669454846
1.220663688839437,0.08888022482631057,1.347089656060585
1.4055356719656305,0.08293447193137167,1.3045805848245307
1.5754637546045092,0.13209267282234566,1.3603577544145387
1.6224059060349512,0.08514318747588819,1.360039854074089
1.5585427116114297,0.08849058132004138,1.3870890567448733
1.3844481970307163,0.11860493534744916,1.3854739487849534
1.2695143701388047,0.14586116046136902,1.381848897924476
1.1280544340288632,0.16674784442191246,1.3746474133537134
1.145259807471691,0.17282357230387424,1.411355834120719
1.306871104961707,0.20098795446783418,1.4167602588854193
1.4708688537103236,0.179842158270749,1.4286734247395727
1.5797742686042158,0.23916227927046602,1.4467232908771877
1.5925407508746445,0.2141722821480749,1.464478698525342
1.582390032956293,0.24365946589842202,1.4363810233347736
1.4057498932218353,0.2334922559794465,1.4030476740242155
1.2306030534223038,0.24078122448853873,1.4351781219448636
1.0123026810421194,0.2475964180181506,1.4501385731196297
0.8407081814949977,0.24912474168783505,1.4142740223878214
0.8100930198102376,0.2562846740957422,1.424135097388164
0.8660898813232007,0.27244770283799324,1.4272735841342112
1.019025381809636,0.2512994725672336,1.4110049091043815
1.1742097173500894,0.2620305469661126,1.4386986903264998
1.2079727139385132,0.24543433930564346,1.4214131692474021
1.2086389250601752,0.27424136206672267,1.429170132879038
1.0572062653265972,0.22890167578543358,1.3986267214916035
0.8590440990215075,0.2741841118784062,1.4017013967228036
0.6812782972363236,0.23182397281481576,1.4173053476594981
0.5359692981765802,0.1971965532735771,1.386029417336616
0.522355560283983,0.22029552515049813,1.4167968957821029
0.5890766420200624,0.19479975120897525,1.3611370111888645
0.7949327221440364,0.2147322444564737,1.3585897581461674
0.8980509376371607,0.17323718947951822,1.3558384133960317
0.9605336298935215,0.16468288395338598,1.2900997962674994
0.9522663024817011,0.12216755085153763,1.2628217365376453
0.8155053055931067,0.1363996536503344,1.2455187990997667
0.6184749390210689,0.08170292693565318,1.2778638345583215
0.4387342763890332,0.08260584374749078,1.2169314058735121
0.30639973255094544,0.1130936348089634,1.2534784815479918
0.24526767778292968,0.09683665599676786,1.1645975804388868
0.3084492696302365,0.07263947800081992,1.1526111433119945
0.4388815372836856,0.027718216834461525,1.1525270076252196
0.5202028069663936,0.02909309176363719,1.1345612284138615
0.5926523122528567,0.013170646496720156,1.1086768325096423
0.6034942926900303,-0.026382415539922988,1.065132438420753
0.45922990131601393,0.010878399960824108,1.0357240662115075
0.20764395828427462,-0.01700299398440965,1.002364305954015
0.009443071367505801,-0.05359387289550609,0.9825601411240898
-0.14892963259853476,-0.06241175295426677,0.9338484621919182
-0.14636657303346157,-0.07160493336463589,0.9079527529881054
-0.13803660426245581,-0.12838851594253328,0.9053944243924072
-0.015091675186050235,-0.09739065618637537,0.8984684595601192
0.11620955311274268,-0.10979885171831665,0.8910898290326126
0.18928802537497075,-0.11867496306450857,0.9142691465161634
0.2120216247969433,-0.10548757142524806,0.9215357112548601
0.080400238199729,-0.06385881755514797,0.9081473192109903
-0.10549639846952472,-0.08566733063947288,0.9416653757754505
-0.26048863031417635,-0.10732103764322858,0.8966931840546586
-0.37568219829786154,-0.08063375404299196,0.9246011653567316
-0.32470244534278125,-0.05910964258489705,0.9244498017028531
-0.24330038665696602,-0.06250255110710781,0.9129351931875166
-0.09996212566915423,-0.07266618413492928,0.9610407735556926
0.0928695740855093,-0.07871737208646698,0.9733995835663153
0.1683535357136575,-0.042893536692661056,1.019704683251365
0.15573489532521376,-0.03934116543828442,1.015854613672737
0.11234887325008036,-0.019056647710723334,0.9964955560340231
-0.05767650971917787,-0.013534456572397621,1.0674781398996032
-0.23766634326427827,0.005811032702529993,1.067654084021541
-0.3064594662875201,-0.014632893944234556,1.0668877155290584
-0.3058988275975035,0.033721715459087545,1.0616744992300848
-0.20239321537566676,0.02253363182639521,1.056710829216735
0.018523550950631868,0.07105723811863879,1.076702962959369
0.21260644345856963,0.026361047870843937,1.1125642687019184
0.2593824485378509,0.08494391848548677,1.1333912193560096
0.3123630823954702,0.06362095699162458,1.1296488872781703
0.20263212517536439,0.055310146694604476,1.0902070343856145
0.05871220291757799,0.06646336853180888,1.0768842702025154
-0.09181959837732317,0.07656383399482083,1.0994930250421544
-0.18662604883342102,0.09722364493186503,1.0568609049616278
-0.1617050456328991,0.1038327128352724,1.0924879591800953
-0.07701766437766489,0.08534457948947431,1.0752263616225004
0.10521180935841742,0.09853697653519886,1.0595200705538983
0.25641813822300746,0.1428096963169727,1.0262958403056317
