index,subject,y_true,y_pred,prob_fall
0,SA09,0,0,0.0002570363285485655
1,SA09,0,0,0.0003062013420276344
2,SA09,0,0,0.00018762651598080993
3,SA09,0,0,0.00023104976571630687
4,SA09,0,0,0.00034322997089475393
5,SA09,0,0,0.00046356659731827676
6,SA09,0,0,0.000299129169434309
7,SA09,0,0,0.00018729832663666457
8,SA09,0,0,0.000169982566148974
9,SA09,0,0,0.00029141618870198727
10,SA09,0,0,0.0005237904260866344
11,SA09,0,0,0.0003385500458534807
12,SA09,0,0,0.002861659275367856
13,SA09,0,0,0.00067866500467062
14,SA09,0,0,0.000380187964765355
15,SA09,0,0,0.00037199060898274183
16,SA09,0,0,0.0004376402939669788
17,SA09,0,0,0.0006232893792912364
18,SA09,0,0,0.00028424602351151407
19,SA09,0,0,0.00019894987053703517
20,SA09,0,0,0.0003821244463324547
21,SA09,0,0,0.00031121642678044736
22,SA09,0,0,0.00038502621464431286
23,SA09,0,0,0.00016808892542030662
24,SA09,0,0,0.0003084098279941827
25,SA09,0,0,0.0005281208432279527
26,SA09,0,0,0.0005499691469594836
27,SA09,0,0,0.0004143548139836639
28,SA09,0,0,0.0003192072326783091
29,SA09,0,0,0.00021171735716052353
30,SA09,0,0,0.0002510565391276032
31,SA09,0,0,0.00036652592825703323
32,SA09,0,0,0.00031353571102954447
33,SA09,0,0,0.0003340301045682281
34,SA09,0,0,0.00012866253382526338
35,SA09,0,0,0.0002451945620123297
36,SA09,0,0,0.0003288653679192066
37,SA09,0,0,0.0027758278883993626
38,SA09,0,0,0.0007155316998250782
39,SA09,0,0,0.00043471771641634405
40,SA09,0,0,0.0003672608290798962
41,SA09,0,0,0.0003965803189203143
42,SA09,0,0,8.827723650028929e-05
43,SA09,0,0,0.0006401488790288568
44,SA09,0,0,0.00035937377833761275
45,SA09,0,0,0.0013047453248873353
46,SA09,0,0,0.0006285668350756168
47,SA09,0,0,0.0002945153973996639
48,SA09,0,0,0.00035608760663308203
49,SA09,0,0,0.0019238099921494722
50,SA09,0,0,0.0004997641080990434
51,SA09,0,0,0.00022656114015262574
52,SA09,0,0,0.00015257021004799753
53,SA09,0,0,0.0003464913461357355
54,SA09,0,0,0.00017728813691064715
55,SA09,0,0,0.00013855169527232647
56,SA09,0,0,0.0002056947269011289
57,SA09,0,0,0.00019550442812032998
58,SA09,0,0,0.0004938601050525904
59,SA09,0,0,0.00026379863265901804
60,SA09,0,0,0.00011035927309421822
61,SA09,0,0,0.00018478051060810685
62,SA09,0,0,0.00012559929746203125
63,SA09,0,0,0.00013135492918081582
64,SA09,0,0,0.0007811237592250109
65,SA09,0,0,0.00017716798174660653
66,SA09,0,0,0.000847674033138901
67,SA09,0,0,0.0006830735947005451
68,SA09,0,0,0.0008779483032412827
69,SA09,0,0,0.0004829641547985375
70,SA09,0,0,0.00037094418075866997
71,SA09,0,0,8.552883082302287e-05
72,SA09,0,0,0.00021876039681956172
73,SA09,0,0,0.00044945787522010505
74,SA09,0,0,0.00018774031195789576
75,SA09,0,0,0.0003605096135288477
76,SA09,0,0,0.00019303197041153908
77,SA09,0,0,0.0002769557759165764
78,SA09,0,0,0.000223581722821109
79,SA09,0,0,0.00042575650149956346
80,SA09,0,0,0.00013649370521306992
81,SA09,0,0,0.0003111535042989999
82,SA09,0,0,0.00027424044674262404
83,SA09,0,0,0.0002726818493101746
84,SA09,0,0,0.0008535998058505356
85,SA09,0,0,0.0003175318124704063
86,SA09,0,0,0.0006381605635397136
87,SA09,0,0,0.00023781931668054312
88,SA09,0,0,0.00045764364767819643
89,SA09,0,0,0.0009856978431344032
90,SA09,0,0,0.00028933928115293384
91,SA09,0,0,0.0008758903131820261
92,SA09,0,0,0.0003131676930934191
93,SA09,0,0,0.0003471536620054394
94,SA09,0,0,0.0004320639418438077
95,SA09,0,0,0.0002495118824299425
96,SA09,0,0,0.0004634732904378325
97,SA09,0,0,0.00023497355869039893
98,SA09,0,0,0.0003750493924599141
99,SA09,0,0,0.00018866303435061127
100,SA09,0,0,0.00011993273801635951
101,SA09,0,0,0.00038525034324266016
102,SA09,0,0,0.0002702816855162382
103,SA09,0,0,0.00048584165051579475
104,SA09,0,0,0.0005100994021631777
105,SA09,0,0,0.00036430530599318445
106,SA09,0,0,0.00024120864691212773
107,SA09,0,0,0.0001835726434364915
108,SA09,0,0,0.00040904851630330086
109,SA09,0,0,0.00037628886639140546
110,SA09,0,0,0.00030839804094284773
111,SA09,0,0,0.0007571468595415354
112,SA09,0,0,0.00021072084200568497
113,SA09,0,0,0.00021411241323221475
114,SA09,0,0,0.00023769827384967357
115,SA09,0,0,0.0004959243815392256
116,SA09,0,0,0.0002705191436689347
117,SA09,0,0,0.0002977361436933279
118,SA09,0,0,0.00031044974457472563
119,SA09,0,0,0.00041805257205851376
120,SA09,0,0,0.00048041538684628904
121,SA09,0,0,0.00023806253739167005
122,SA09,0,0,0.0005767144612036645
123,SA09,0,0,0.002679005265235901
124,SA09,0,0,0.00027465439052321017
125,SA09,0,0,0.00037218842771835625
126,SA09,0,0,0.00025621155509725213
127,SA09,0,0,0.00026467733550816774
128,SA09,0,0,0.00018437308608554304
129,SA09,0,0,0.00030844274442642927
130,SA09,0,0,0.00012477609561756253
131,SA09,0,0,0.00037573021836578846
132,SA09,0,0,0.000189563914318569
133,SA09,0,0,0.0001524964754935354
134,SA09,0,0,0.0007294841925613582
135,SA09,0,0,0.00015084735059645027
136,SA09,0,0,0.00026342662749812007
137,SA09,0,0,0.0002917620004154742
138,SA09,0,0,0.0004279044223949313
139,SA09,0,0,0.00019468912796583027
140,SA09,0,0,0.00022933739819563925
141,SA09,0,0,0.0005684845382347703
142,SA09,0,0,0.0002541030989959836
143,SA09,0,0,0.0004107829590793699
144,SA09,0,0,0.00025006895884871483
145,SA09,0,0,0.00023983523715287447
146,SA09,0,0,0.0002343866362934932
147,SA09,0,0,0.000537650310434401
148,SA09,0,0,0.0004280925204511732
149,SA09,0,0,0.00024181909975595772
150,SA09,0,0,0.0007300252327695489
151,SA09,0,0,0.00013844734348822385
152,SA09,0,0,0.00028345794999040663
153,SA09,0,0,0.00017766837845556438
154,SA09,0,0,0.00023577609681524336
155,SA09,0,0,6.127524829935282e-05
156,SA09,0,0,9.175900049740449e-05
157,SA09,0,0,5.143681482877582e-05
158,SA09,0,0,0.00010678599210223183
159,SA09,0,0,4.151118628215045e-05
160,SA09,0,0,4.7937104682205245e-05
161,SA09,0,0,5.1992410590173677e-05
162,SA09,0,0,0.00010289724014000967
163,SA09,0,0,3.4006036003120244e-05
164,SA09,0,0,0.00010663508874131367
165,SA09,0,0,3.983362694270909e-05
166,SA09,0,0,4.249862831784412e-05
167,SA09,0,0,7.162143447203562e-05
168,SA09,0,0,3.9525348256574944e-05
169,SA09,0,0,0.000106539846456144
170,SA09,0,0,3.6504185118246824e-05
171,SA09,0,0,4.0135586459655315e-05
172,SA09,0,0,7.849954272387549e-05
173,SA09,0,0,8.010839519556612e-05
174,SA09,0,0,4.40530784544535e-05
175,SA09,0,0,0.00010565581760602072
176,SA09,0,0,5.767161201220006e-05
177,SA09,0,0,3.4532738936832175e-05
178,SA09,0,0,5.7233261031797156e-05
179,SA09,0,0,0.00014938476670067757
180,SA09,0,0,6.91031091264449e-05
181,SA09,0,0,5.585183680523187e-05
182,SA09,0,0,5.60643857170362e-05
183,SA09,0,0,8.009311568457633e-05
184,SA09,0,0,8.443331898888573e-05
185,SA09,0,0,0.00014568564074579626
186,SA09,0,0,0.000462015945231542
187,SA09,0,0,0.00021785452554468066
188,SA09,0,0,0.0001533071044832468
189,SA09,0,0,6.081165702198632e-05
190,SA09,0,0,3.6105935578234494e-05
191,SA09,0,0,0.00014603542513214052
192,SA09,0,0,9.836140088737011e-05
193,SA09,0,0,5.220181628828868e-05
194,SA09,0,0,0.0002825459523592144
195,SA09,0,0,6.380565173458308e-05
196,SA09,0,0,4.6855238906573504e-05
197,SA09,0,0,0.00012968153168912977
198,SA09,0,0,3.8881618820596486e-05
199,SA09,0,0,5.7372501032659784e-05
200,SA09,0,0,0.00011258010636083782
201,SA09,0,0,6.224192475201562e-05
202,SA09,0,0,0.0004994271439500153
203,SA09,0,0,5.392935418058187e-05
204,SA09,0,0,5.2913463150616735e-05
205,SA09,0,0,7.348047802224755e-05
206,SA09,0,0,4.359163358458318e-05
207,SA09,0,0,0.00020754859724547714
208,SA09,0,0,4.80920061818324e-05
209,SA09,0,0,3.594751251512207e-05
210,SA09,0,0,0.00016936875181272626
211,SA09,0,0,5.810434959130362e-05
212,SA09,0,0,0.00011356407048879191
213,SA09,0,0,0.00011338478361722082
214,SA09,0,0,4.483965312829241e-05
215,SA09,0,0,9.32582697714679e-05
216,SA09,0,0,6.0863287217216566e-05
217,SA09,0,0,5.2884555771015584e-05
218,SA09,0,0,6.648096314165741e-05
219,SA09,0,0,4.805441130883992e-05
220,SA09,0,0,0.00013656621740665287
221,SA09,0,0,4.710765279014595e-05
222,SA09,0,0,9.287471766583622e-05
223,SA09,0,0,0.00011116312816739082
224,SA09,0,0,4.30989166488871e-05
225,SA09,0,0,0.00012178703036624938
226,SA09,0,0,0.00017732784908730537
227,SA09,0,0,3.975314029958099e-05
228,SA09,0,0,7.060492498567328e-05
229,SA09,0,0,0.00013528141425922513
230,SA09,0,0,3.6946763430023566e-05
231,SA09,0,0,0.00012980944302398711
232,SA09,0,0,6.496519927168265e-05
233,SA09,0,0,0.0001722219167277217
234,SA09,0,0,0.00018481926235836
235,SA09,0,0,0.0001010898340609856
236,SA09,0,0,0.00010449254477862269
237,SA09,0,0,5.755963866249658e-05
238,SA09,0,0,6.43741586827673e-05
239,SA09,0,0,7.896633178461343e-05
240,SA09,0,0,6.391636998159811e-05
241,SA09,0,0,8.85924746398814e-05
242,SA09,0,0,4.6105447836453095e-05
243,SA09,0,0,6.845458847237751e-05
244,SA09,0,0,0.00010307350748917088
245,SA09,0,0,4.5429136662278324e-05
246,SA09,0,0,0.00012726565182674676
247,SA09,0,0,0.0001056453402270563
248,SA09,0,0,0.00033307899138890207
249,SA09,0,0,5.350831997930072e-05
250,SA09,0,0,5.5563221394550055e-05
251,SA09,0,0,0.00010126735287485644
252,SA09,0,0,0.00011981763236690313
253,SA09,0,0,0.00011332662688801065
254,SA09,0,0,0.00010510152787901461
255,SA09,0,0,0.00014428241411224008
256,SA09,0,0,0.00012064653856214136
257,SA09,0,0,6.290899909799919e-05
258,SA09,0,0,0.00017806387040764093
259,SA09,0,0,9.861131547950208e-05
260,SA09,0,0,8.88179856701754e-05
261,SA09,0,0,7.924217788968235e-05
262,SA09,0,0,9.309105371357873e-05
263,SA09,0,0,0.00021265912801027298
264,SA09,0,0,6.001004294375889e-05
265,SA09,0,0,6.558742461493239e-05
266,SA09,0,0,4.709058703156188e-05
267,SA09,0,0,8.14327722764574e-05
268,SA09,0,0,5.847421198268421e-05
269,SA09,0,0,6.271528400247917e-05
270,SA09,0,0,0.00042259908514097333
271,SA09,0,0,6.525042408611625e-05
272,SA09,0,0,0.0002596185076981783
273,SA09,0,0,7.363984332187101e-05
274,SA09,0,0,0.00031874378328211606
275,SA09,0,0,7.85820884630084e-05
276,SA09,0,0,0.00029765890212729573
277,SA09,0,0,6.006574403727427e-05
278,SA09,0,0,5.851950845681131e-05
279,SA09,0,0,0.000412863795645535
280,SA09,0,0,5.318046169122681e-05
281,SA09,0,0,0.000269276526523754
282,SA09,0,0,3.886237755068578e-05
283,SA09,0,0,8.758263720665127e-05
284,SA09,0,0,7.066452963044867e-05
285,SA09,0,0,0.00010673164069885388
286,SA09,0,0,8.569293277105317e-05
287,SA09,0,0,8.320814959006384e-05
288,SA09,0,0,0.00014830044528935105
289,SA09,0,0,8.103274740278721e-05
290,SA09,0,0,0.00010460061457706615
291,SA09,0,0,0.00010355754056945443
292,SA09,0,0,6.835550448158756e-05
293,SA09,0,0,0.00011117648682557046
294,SA09,0,0,7.961718802107498e-05
295,SA09,0,0,7.275686948560178e-05
296,SA09,0,0,0.00030179606983438134
297,SA09,0,0,7.79634719947353e-05
298,SA09,0,0,9.678684000391513e-05
299,SA09,0,0,0.00020489357120823115
300,SA09,0,0,7.599202945129946e-05
301,SA09,0,0,0.00010515917529119179
302,SA09,0,0,0.0001865390659077093
303,SA09,0,0,4.1791205148911104e-05
304,SA09,0,0,0.0001290722138946876
305,SA09,0,0,6.955452408874407e-05
306,SA09,0,0,7.104609539965168e-05
307,SA09,0,0,0.00010986985580530018
308,SA09,0,0,0.000319063343340531
309,SA09,0,0,0.00011104944132966921
310,SA09,0,0,0.0003040408482775092
311,SA09,0,0,0.0019898356404155493
312,SA09,0,0,0.000356053642462939
313,SA09,0,0,0.0004257902328390628
314,SA09,0,0,0.00010442661005072296
315,SA09,0,0,7.520065264543518e-05
316,SA09,0,0,0.00034701399272307754
317,SA09,0,0,9.053677786141634e-05
318,SA09,0,0,0.00046748333261348307
319,SA09,0,0,0.0020558887626975775
320,SA09,0,0,0.0012875146931037307
321,SA09,0,0,0.001211466733366251
322,SA09,0,0,0.00031780858989804983
323,SA09,0,0,0.0004550816083792597
324,SA09,0,0,0.00013153100735507905
325,SA09,0,0,0.0001379734167130664
326,SA09,0,0,0.0007401789189316332
327,SA09,0,0,0.00012292905012145638
328,SA09,0,0,0.000237870350247249
329,SA09,0,0,0.00134013791102916
330,SA09,0,0,0.00015070386871229857
331,SA09,0,0,0.0021936933044344187
332,SA09,0,0,0.0001194933574879542
333,SA09,0,0,0.0001936139160534367
334,SA09,0,0,0.00011536731472006068
335,SA09,0,0,0.0002782569208648056
336,SA09,0,0,0.0003803333092946559
337,SA09,0,0,0.0002511666971258819
338,SA09,0,0,0.0017441821983084083
339,SA09,0,0,0.0007809525704942644
340,SA09,0,0,0.0005453483900055289
341,SA09,0,0,0.00019273404905106872
342,SA09,0,0,0.00034316355595365167
343,SA09,0,0,0.00036501261638477445
344,SA09,0,0,0.0005626190104521811
345,SA09,0,0,0.002912145107984543
346,SA09,0,0,0.0003569551627151668
347,SA09,0,0,0.00017436900816392154
348,SA09,0,0,0.00023863703245297074
349,SA09,0,0,0.00010159389057662338
350,SA09,0,0,7.408641249639913e-05
351,SA09,0,0,0.0002845306880772114
352,SA09,0,0,0.0003076750144828111
353,SA09,0,0,0.0013070076238363981
354,SA09,0,0,9.68390959315002e-05
355,SA09,0,0,0.000766299432143569
356,SA09,0,0,0.0006274280603975058
357,SA09,0,0,0.00020276856957934797
358,SA09,0,0,0.0004271414945833385
359,SA09,0,0,0.0008872958132997155
360,SA09,0,0,0.0011363303055986762
361,SA09,0,0,0.001171126146800816
362,SA09,0,0,0.00015349856403190643
363,SA09,0,0,0.000542381196282804
364,SA09,0,0,0.0006297346553765237
365,SA09,0,0,0.0012775236973538995
366,SA09,0,0,0.00025839018053375185
367,SA09,0,0,0.00019442364282440394
368,SA09,0,0,0.0007127814460545778
369,SA09,0,0,0.00021340556850191206
370,SA09,0,0,0.00015424184675794095
371,SA09,0,0,0.0007902436191216111
372,SA09,0,0,0.0009259377839043736
373,SA09,0,0,0.0009652701555751264
374,SA09,0,0,0.00045726948883384466
375,SA09,0,0,0.0004846487718168646
376,SA09,0,0,0.0005474784993566573
377,SA09,0,0,0.0005844359984621406
378,SA09,0,0,0.0004206800658721477
379,SA09,0,0,0.0007361359312199056
380,SA09,0,0,0.0018844061996787786
381,SA09,0,0,0.0011733818100765347
382,SA09,0,0,0.004131122957915068
383,SA09,0,0,0.0007351093227043748
384,SA09,0,0,0.0006359062972478569
385,SA09,0,0,0.0002080226840917021
386,SA09,0,0,0.0007076436886563897
387,SA09,0,0,0.0001256838731933385
388,SA09,0,0,0.0002469044993631542
389,SA09,0,0,0.00040396093390882015
390,SA09,0,0,0.0006260148948058486
391,SA09,0,0,0.0007291106157936156
392,SA09,0,0,0.0008809826103970408
393,SA09,0,0,0.00036637639277614653
394,SA09,0,0,0.0007387652876786888
395,SA09,0,0,0.0005982894799672067
396,SA09,0,0,0.0001345047785434872
397,SA09,0,0,0.00010867885430343449
398,SA09,0,0,0.0004822267219424248
399,SA09,0,0,0.00020101334666833282
400,SA09,0,0,0.00012949715892318636
401,SA09,0,0,0.012115557678043842
402,SA09,0,0,0.004933453630656004
403,SA09,0,0,0.0016420010942965746
404,SA09,0,0,0.0013045761734247208
405,SA09,0,0,0.00036924693267792463
406,SA09,0,0,0.0015618184115737677
407,SA09,0,0,0.0009582091006450355
408,SA09,0,0,0.0008653161348775029
409,SA09,0,0,0.008464143611490726
410,SA09,0,0,0.0005868009175173938
411,SA09,0,0,0.0021805884316563606
412,SA09,0,0,0.0023446031846106052
413,SA09,0,0,0.0011076227528974414
414,SA09,0,0,0.001913673710078001
415,SA09,0,0,0.002446803729981184
416,SA09,0,0,0.020059993490576744
417,SA09,0,0,0.0010473700240254402
418,SA09,0,0,0.000902719737496227
419,SA09,0,0,0.0021045852918177843
420,SA09,0,0,0.00020741880871355534
421,SA09,0,0,0.00033408711897209287
422,SA09,0,0,0.0035821895580738783
423,SA09,0,0,0.0448676198720932
424,SA09,0,0,0.0022691208869218826
425,SA09,0,0,0.0004291327786631882
426,SA09,0,0,0.00020211287483107299
427,SA09,0,0,0.016875050961971283
428,SA09,0,0,0.017671195790171623
429,SA09,0,0,0.0009820585837587714
430,SA09,0,0,0.0009642333607189357
431,SA09,0,0,0.0009412469808012247
432,SA09,0,0,0.0009859480196610093
433,SA09,0,0,0.0009930364321917295
434,SA09,0,0,0.027126198634505272
435,SA09,0,0,0.0019114181632176042
436,SA09,0,0,0.001353679457679391
437,SA09,0,0,0.0002103847946273163
438,SA09,0,0,0.00021004004520364106
439,SA09,0,0,0.004599694162607193
440,SA09,0,0,0.022624487057328224
441,SA09,0,0,0.022197017446160316
442,SA09,0,0,0.004794789478182793
443,SA09,0,0,0.0006681010127067566
444,SA09,0,0,0.00020593218505382538
445,SA09,0,0,0.00025707678287290037
446,SA09,0,0,0.0015476150438189507
447,SA09,0,0,0.001036609522998333
448,SA09,0,0,0.0010092153679579496
449,SA09,0,0,0.0010420384351164103
450,SA09,0,0,0.0010119023500010371
451,SA09,0,0,0.0010246621677652001
452,SA09,0,0,0.001077298424206674
453,SA09,0,0,0.001506097731180489
454,SA09,0,0,0.0021542401518672705
455,SA09,0,0,0.0003748477902263403
456,SA09,0,0,0.0003972176637034863
457,SA09,0,0,0.005781027488410473
458,SA09,0,0,0.0009467550553381443
459,SA09,0,0,0.001561136799864471
460,SA09,0,0,0.004228056874126196
461,SA09,0,0,0.0004981689271517098
462,SA09,0,0,0.00020704891358036548
463,SA09,0,0,0.009961679577827454
464,SA09,0,0,0.006311594974249601
465,SA09,0,0,0.0005482333363033831
466,SA09,0,0,0.0011877544457092881
467,SA09,0,0,0.0010337564162909985
468,SA09,0,0,0.001076852553524077
469,SA09,0,0,0.0010298214619979262
470,SA09,0,0,0.0010685684392228723
471,SA09,0,0,0.000812928075902164
472,SA09,0,0,0.001924933516420424
473,SA09,0,0,0.0007591018220409751
474,SA09,0,0,0.0002681791374925524
475,SA09,0,0,0.007836204022169113
476,SA09,0,0,0.003580082906410098
477,SA09,0,0,0.023256944492459297
478,SA09,0,0,0.0027431726921349764
479,SA09,0,0,0.0010415422730147839
480,SA09,0,0,0.00025864283088594675
481,SA09,0,0,0.0003435051185078919
482,SA09,0,0,0.0012496891431510448
483,SA09,0,0,0.0018532703397795558
484,SA09,0,0,0.0011100817937403917
485,SA09,0,0,0.0010171239264309406
486,SA09,0,0,0.0010148459114134312
487,SA09,0,0,0.0009864310268312693
488,SA09,0,0,0.12469907104969025
489,SA09,0,0,0.07173431664705276
490,SA09,0,0,0.0006622959044761956
491,SA09,0,0,7.999412628123537e-05
492,SA09,0,0,0.00019520174828357995
493,SA09,0,0,0.0004487699188757688
494,SA09,0,0,0.0019512538565322757
495,SA09,0,0,0.00018173181160818785
496,SA09,0,0,0.02471696399152279
497,SA09,0,0,0.002650597831234336
498,SA09,0,0,9.258395584765822e-05
499,SA09,0,0,0.00019091254216618836
500,SA09,0,0,0.0005674210842698812
501,SA09,0,0,0.01798323728144169
502,SA09,0,0,0.00022407939832191914
503,SA09,0,0,0.00011787097173510119
504,SA09,0,0,0.09234309196472168
505,SA09,0,0,0.0013152549508959055
506,SA09,0,0,0.00014834907779004425
507,SA09,0,0,0.001488264068029821
508,SA09,0,0,0.00047635965165682137
509,SA09,0,0,0.00033395912032574415
510,SA09,0,0,9.544311615172774e-05
511,SA09,0,0,4.533017272478901e-05
512,SA09,0,0,0.08596915006637573
513,SA09,0,0,0.007968414574861526
514,SA09,0,0,0.0001080277215805836
515,SA09,0,0,9.560590842738748e-05
516,SA09,0,0,0.0006149376858957112
517,SA09,0,0,0.0007925512618385255
518,SA09,0,0,0.00024973825202323496
519,SA09,0,0,0.00011225646449020132
520,SA09,0,0,0.06833573430776596
521,SA09,0,0,0.10415136814117432
522,SA09,0,0,0.0001998479856410995
523,SA09,0,0,0.00010795357229653746
524,SA09,0,0,0.0004503696400206536
525,SA09,0,0,0.00043683694093488157
526,SA09,0,0,0.00023466996208298951
527,SA09,0,0,0.00024311483139172196
528,SA09,0,0,0.00020544520521070808
529,SA09,0,0,0.00013174768537282944
530,SA09,0,0,0.006989106070250273
531,SA09,0,0,0.00026060722302645445
532,SA09,0,0,0.0005505643784999847
533,SA09,0,0,0.000383130885893479
534,SA09,0,0,0.0004140556848142296
535,SA09,0,0,0.00041331545799039304
536,SA09,0,0,0.00022085868113208562
537,SA09,0,0,0.0005694539286196232
538,SA09,0,0,0.0008078237879090011
539,SA09,0,0,0.00023260274610947818
540,SA09,0,0,0.0004800702154170722
541,SA09,0,0,0.00024193785793613642
542,SA09,0,0,0.0001948430435732007
543,SA09,0,0,0.00018499504949431866
544,SA09,0,0,0.004108228255063295
545,SA09,0,0,0.04904836416244507
546,SA09,0,0,0.05368809029459953
547,SA09,0,0,0.00046190712600946426
548,SA09,0,0,0.00011169429490109906
549,SA09,0,0,0.00010553026368143037
550,SA09,0,0,0.0002393644244875759
551,SA09,0,0,0.00020466922433115542
552,SA09,0,0,0.00012325981515459716
553,SA09,0,0,0.007430725265294313
554,SA09,0,0,0.03230113163590431
555,SA09,0,0,0.0016627421136945486
556,SA09,0,0,0.00017862775712274015
557,SA09,0,0,0.00010031928832177073
558,SA09,0,0,0.0003365467127878219
559,SA09,0,0,0.00032847965485416353
560,SA09,0,0,0.0002115655952366069
561,SA09,0,0,0.0002679751778487116
562,SA09,0,0,0.0010067031253129244
563,SA09,0,0,0.000861844455357641
564,SA09,0,0,0.0017860399093478918
565,SA09,0,0,6.870454672025517e-05
566,SA09,0,0,0.00031883956398814917
567,SA09,0,0,0.00032688421197235584
568,SA09,0,0,0.0008014774066396058
569,SA09,0,0,0.01245773583650589
570,SA09,0,0,0.02683059498667717
571,SA09,0,0,0.00026654877001419663
572,SA09,0,0,0.0002659020246937871
573,SA09,0,0,0.022156285122036934
574,SA09,0,0,0.0003548256354406476
575,SA09,0,0,0.0003059457230847329
576,SA09,0,0,0.02452731505036354
577,SA09,0,0,0.0009269529837183654
578,SA09,0,0,0.0005433580954559147
579,SA09,0,0,0.0012502720346674323
580,SA09,0,0,0.000571729673538357
581,SA09,0,0,0.023907704278826714
582,SA09,0,0,0.0002704487123992294
583,SA09,0,0,3.573052163119428e-05
584,SA09,0,0,0.05462944135069847
585,SA09,0,0,0.010099454782903194
586,SA09,0,0,9.045514889294282e-05
587,SA09,0,0,0.00039746370748616755
588,SA09,0,0,0.001584247569553554
589,SA09,0,0,0.002860516309738159
590,SA09,0,0,0.00014463065599557012
591,SA09,0,0,0.003955489490181208
592,SA09,0,0,0.02215792052447796
593,SA09,0,0,0.08810559660196304
594,SA09,0,0,0.00032595591619610786
595,SA09,0,0,0.00011106480087619275
596,SA09,0,0,0.00048696089652366936
597,SA09,0,0,0.000590310781262815
598,SA09,0,0,0.00028079451294615865
599,SA09,0,0,0.0001297051494475454
600,SA09,0,0,0.04409408941864967
601,SA09,0,0,0.00017521817062515765
602,SA09,0,0,0.00013519411731977016
603,SA09,0,0,0.0003234925970900804
604,SA09,0,0,0.0016438913298770785
605,SA09,0,0,0.0007955881883390248
606,SA09,0,0,0.00031721044797450304
607,SA09,0,0,0.044686734676361084
608,SA09,0,0,0.0006710868910886347
609,SA09,0,0,0.00017500028479844332
610,SA09,0,0,0.0005892079789191484
611,SA09,0,0,0.0003864486061502248
612,SA09,0,0,0.0004511357983574271
613,SA09,0,0,0.0001370711252093315
614,SA09,0,0,0.00022712348436471075
615,SA09,0,0,0.0002565518079791218
616,SA09,0,0,0.000704257283359766
617,SA09,0,0,0.00023609168420080096
618,SA09,0,0,0.002141820266842842
619,SA09,0,0,0.0005181701271794736
620,SA09,0,0,0.00028223986737430096
621,SA09,0,0,0.0005967346951365471
622,SA09,0,0,0.0003570652334019542
623,SA09,0,0,0.00036085600731894374
624,SA09,0,0,0.0004735646944027394
625,SA09,0,0,0.0002890459436457604
626,SA09,0,0,0.0002798307978082448
627,SA09,0,0,0.0002162453019991517
628,SA09,0,0,0.0011329083936288953
629,SA09,0,0,0.0003498567675705999
630,SA09,0,0,0.0002815521147567779
631,SA09,0,0,0.00022415719286073
632,SA09,0,0,0.00021323311375454068
633,SA09,0,0,0.00019221173715777695
634,SA09,0,0,0.0003915077249985188
635,SA09,0,0,0.0005997109692543745
636,SA09,0,0,0.00015063087630551308
637,SA09,0,0,0.011971821077167988
638,SA09,0,0,0.0005554203526116908
639,SA09,0,0,0.0002946889726445079
640,SA09,0,0,0.001073728664778173
641,SA09,0,0,0.0002069821784971282
642,SA09,0,0,0.0020805438980460167
643,SA09,0,0,0.0005460161482915282
644,SA09,0,0,0.00023584309383295476
645,SA09,0,0,0.00011045012070098892
646,SA09,0,0,0.0003681383968796581
647,SA09,0,0,0.0003300290845800191
648,SA09,0,0,0.0006849737837910652
649,SA09,0,0,0.003743245266377926
650,SA09,0,1,0.7158321738243103
651,SA09,0,0,0.1581556648015976
652,SA09,0,0,0.017895743250846863
653,SA09,0,0,0.06828653812408447
654,SA09,0,0,0.16773831844329834
655,SA09,0,0,0.45951685309410095
656,SA09,0,0,0.0009567646193318069
657,SA09,0,0,0.1304909735918045
658,SA09,0,0,0.03225111961364746
659,SA09,0,0,0.03139345347881317
660,SA09,0,0,0.09458957612514496
661,SA09,0,0,0.07075905054807663
662,SA09,0,0,0.055238015949726105
663,SA09,0,0,0.3014945983886719
664,SA09,0,0,0.002731566783040762
665,SA09,0,0,0.003067339537665248
666,SA09,0,0,0.11014025658369064
667,SA09,0,0,0.09941959381103516
668,SA09,0,0,0.05629807710647583
669,SA09,0,0,0.044358331710100174
670,SA09,0,0,0.12422611564397812
671,SA09,0,0,0.04785875231027603
672,SA09,0,0,0.09794459491968155
673,SA09,0,0,0.003074987092986703
674,SA09,0,0,0.0015824881847947836
675,SA09,0,0,0.0041562411934137344
676,SA09,0,0,0.04094341769814491
677,SA09,0,1,0.53487628698349
678,SA09,0,0,0.0007771982345730066
679,SA09,0,0,4.968050416209735e-05
680,SA09,0,0,0.00041155781946145
681,SA09,0,0,0.000579212442971766
682,SA09,0,0,0.0014745017979294062
683,SA09,0,0,0.009259846992790699
684,SA09,0,0,0.007542252540588379
685,SA09,0,0,0.031914129853248596
686,SA09,0,0,0.0019582787062972784
687,SA09,0,0,0.03142837435007095
688,SA09,0,0,0.3988645672798157
689,SA09,0,0,0.3496376574039459
690,SA09,0,0,0.22269456088542938
691,SA09,0,0,0.21761192381381989
692,SA09,0,0,0.2161715030670166
693,SA09,0,0,0.12113901972770691
694,SA09,0,0,0.0011350330896675587
695,SA09,0,0,0.0032273384276777506
696,SA09,0,0,0.1880272477865219
697,SA09,0,0,0.17332738637924194
698,SA09,0,0,0.11167089641094208
699,SA09,0,0,0.11228616535663605
700,SA09,0,0,0.03156869858503342
701,SA09,0,0,0.00013412145199254155
702,SA09,0,0,0.00039083053707145154
703,SA09,0,1,0.6190293431282043
704,SA09,0,0,0.1297535002231598
705,SA09,0,0,0.16130875051021576
706,SA09,0,0,0.09789203107357025
707,SA09,0,0,0.06600502133369446
708,SA09,0,0,0.08130301535129547
709,SA09,0,0,0.0007255040691234171
710,SA09,0,0,0.003786086803302169
711,SA09,0,0,0.22110842168331146
712,SA09,0,0,0.24862779676914215
713,SA09,0,0,0.315437376499176
714,SA09,0,0,0.20094464719295502
715,SA09,0,0,0.10569065064191818
716,SA09,0,0,0.07504666596651077
717,SA09,0,0,0.00014311909035313874
718,SA09,0,0,0.0001555089111207053
719,SA09,0,0,0.28835204243659973
720,SA09,0,0,0.15390893816947937
721,SA09,0,0,0.4785619378089905
722,SA09,0,0,0.03544288128614426
723,SA09,0,0,0.0033266113605350256
724,SA09,0,0,0.0002000989334192127
725,SA09,0,0,0.0002994881069753319
726,SA09,0,0,0.3718264400959015
727,SA09,0,0,0.20335496962070465
728,SA09,0,1,0.7543752789497375
729,SA09,0,0,0.43999502062797546
730,SA09,0,0,0.0050803846679627895
731,SA09,0,0,0.00943358987569809
732,SA09,0,0,0.00022381548478733748
733,SA09,0,0,0.00023094889183994383
734,SA09,0,0,0.1574072688817978
735,SA09,0,0,0.16344380378723145
736,SA09,0,0,0.09360968321561813
737,SA09,0,0,0.036233216524124146
738,SA09,0,0,0.002369747729972005
739,SA09,0,0,0.00016726506873965263
740,SA09,0,0,0.00015582509513478726
741,SA09,0,0,0.07525348663330078
742,SA09,0,0,0.07445476949214935
743,SA09,0,0,0.045933451503515244
744,SA09,0,0,0.029398104175925255
745,SA09,0,0,0.019972359761595726
746,SA09,0,0,0.00039362270035780966
747,SA09,0,0,0.0002215454151155427
748,SA09,0,0,0.004607004579156637
749,SA09,0,0,0.06243911385536194
750,SA09,0,0,0.06538798660039902
751,SA09,0,0,0.0625867247581482
752,SA09,0,0,0.47227489948272705
753,SA09,0,0,0.33721813559532166
754,SA09,0,0,0.022683240473270416
755,SA09,0,0,0.00015723689284641296
756,SA09,0,0,0.0002744507510215044
757,SA09,0,0,0.21928831934928894
758,SA09,0,0,0.20743805170059204
759,SA09,0,0,0.20984883606433868
760,SA09,0,0,0.006127835251390934
761,SA09,0,0,0.00954183004796505
762,SA09,0,0,0.00021889015624765307
763,SA09,0,0,4.3086347432108596e-05
764,SA09,0,0,0.048133622854948044
765,SA09,0,0,0.050994906574487686
766,SA09,0,0,0.04529893398284912
767,SA09,0,0,0.05106836184859276
768,SA09,0,0,0.0010230400366708636
769,SA09,0,0,0.2093241661787033
770,SA09,0,0,0.49227312207221985
771,SA09,0,0,0.004285372793674469
772,SA09,0,0,0.0014953776262700558
773,SA09,0,0,0.0030431628692895174
774,SA09,0,0,0.032244760543107986
775,SA09,0,1,0.6727684736251831
776,SA09,0,1,0.8561158180236816
777,SA09,0,0,0.008810834027826786
778,SA09,0,0,0.02820928581058979
779,SA09,0,0,0.04751421883702278
780,SA09,0,0,0.05045291781425476
781,SA09,0,0,0.0017662661848589778
782,SA09,0,0,0.001160684390924871
783,SA09,0,0,0.20773093402385712
784,SA09,0,0,0.07638432830572128
785,SA09,0,0,0.0037419649306684732
786,SA09,0,0,0.04761865735054016
787,SA09,0,0,0.03862299025058746
788,SA09,0,0,0.09191490709781647
789,SA09,0,0,0.0010984630789607763
790,SA09,0,0,0.0082918182015419
791,SA09,0,0,0.02510847896337509
792,SA09,0,0,0.00018272933084517717
793,SA09,0,0,0.0019213694613426924
794,SA09,0,0,0.0018008480546995997
795,SA09,0,0,9.914403926813975e-05
796,SA09,0,0,0.004770524334162474
797,SA09,0,1,0.5833956599235535
798,SA09,0,1,0.9276636242866516
799,SA09,0,1,0.9955623149871826
800,SA09,0,0,0.20986036956310272
801,SA09,0,0,0.05381396785378456
802,SA09,0,0,2.554772436269559e-05
803,SA09,0,0,0.0007867395179346204
804,SA09,0,0,0.03475184738636017
805,SA09,0,0,0.0005555188399739563
806,SA09,0,0,0.028075646609067917
807,SA09,0,1,0.7994557619094849
808,SA09,0,0,0.2971509099006653
809,SA09,0,0,0.09152897447347641
810,SA09,0,1,0.821587085723877
811,SA09,0,0,0.0142125952988863
812,SA09,0,0,0.0009988597594201565
813,SA09,0,0,0.001281756442040205
814,SA09,0,0,0.3078455626964569
815,SA09,0,0,0.2651662826538086
816,SA09,0,0,0.18517932295799255
817,SA09,0,0,0.010602484457194805
818,SA09,0,0,0.00477623101323843
819,SA09,0,1,0.741387128829956
820,SA09,0,0,0.011960371397435665
821,SA09,0,0,0.01674427092075348
822,SA09,0,0,0.000412057590438053
823,SA09,0,0,0.33966463804244995
824,SA09,0,0,0.13097119331359863
825,SA09,0,0,0.04925563186407089
826,SA09,0,0,0.00033734767930582166
827,SA09,0,0,0.0007675468805246055
828,SA09,0,0,0.005900934338569641
829,SA09,0,0,0.01352698728442192
830,SA09,0,0,0.0005024641286581755
831,SA09,0,0,0.22147318720817566
832,SA09,0,0,0.196831613779068
833,SA09,0,0,0.07274997234344482
834,SA09,0,0,0.06830807775259018
835,SA09,0,0,0.016597427427768707
836,SA09,0,0,0.009828741662204266
837,SA09,0,0,0.002027225447818637
838,SA09,0,0,0.0006741831311956048
839,SA09,0,0,0.3232593834400177
840,SA09,0,0,0.1135849580168724
841,SA09,0,0,0.015716856345534325
842,SA09,0,0,0.022242577746510506
843,SA09,0,0,0.0010583451949059963
844,SA09,0,0,0.01860993728041649
845,SA09,0,0,0.0007552141905762255
846,SA09,0,0,0.00013925765233580023
847,SA09,0,0,0.1585271954536438
848,SA09,0,0,0.15574507415294647
849,SA09,0,0,0.011594334617257118
850,SA09,0,0,0.011217540130019188
851,SA09,0,0,0.01100797951221466
852,SA09,0,0,0.00012253054592292756
853,SA09,0,0,0.00020768714603036642
854,SA09,0,0,0.21333500742912292
855,SA09,0,0,0.21218018233776093
856,SA09,0,0,0.17581617832183838
857,SA09,0,0,0.11181949824094772
858,SA09,0,0,0.004867465700954199
859,SA09,0,0,0.004955913405865431
860,SA09,0,0,7.823023042874411e-05
861,SA09,0,0,0.00012468571367207915
862,SA09,0,0,0.06006858870387077
863,SA09,0,0,0.1628761887550354
864,SA09,0,0,0.05851612240076065
865,SA09,0,0,0.004834275227040052
866,SA09,0,0,5.1350023568375036e-05
867,SA09,0,0,8.869170414982364e-05
868,SA09,0,0,0.0871535912156105
869,SA09,0,0,0.09308718889951706
870,SA09,0,0,0.10070046782493591
871,SA09,0,0,0.10121773183345795
872,SA09,0,0,0.18869417905807495
873,SA09,0,0,0.16056838631629944
874,SA09,0,0,0.010363436304032803
875,SA09,0,0,0.010772345587611198
876,SA09,0,0,0.017602361738681793
877,SA09,0,0,9.255766053684056e-05
878,SA09,0,0,0.00010978125646943226
879,SA09,0,0,0.18300431966781616
880,SA09,0,0,0.12722629308700562
881,SA09,0,0,0.05137462168931961
882,SA09,0,0,0.030111804604530334
883,SA09,0,0,0.00475304713472724
884,SA09,0,0,8.165594772435725e-05
885,SA09,0,0,0.00017014586774166673
886,SA09,0,0,0.08317425101995468
887,SA09,0,0,0.09107079356908798
888,SA09,0,1,0.789840817451477
889,SA09,0,1,0.8359773755073547
890,SA09,0,1,0.9870582222938538
891,SA09,0,1,0.7779449224472046
892,SA09,0,0,0.004287373274564743
893,SA09,0,0,0.000368582084774971
894,SA09,0,0,0.022652212530374527
895,SA09,0,0,0.4257376790046692
896,SA09,0,1,0.8481119871139526
897,SA09,0,1,0.9475436806678772
898,SA09,0,1,0.9495764970779419
899,SA09,0,1,0.9272516369819641
900,SA09,0,1,0.9347992539405823
901,SA09,0,1,0.7064443230628967
902,SA09,0,0,0.009072857908904552
903,SA09,0,0,0.00861356034874916
904,SA09,0,0,0.0005223951302468777
905,SA09,0,0,0.0015337170334532857
906,SA09,0,0,0.06252109259366989
907,SA09,0,0,0.05854944512248039
908,SA09,0,0,0.05564096197485924
909,SA09,0,0,0.09111939370632172
910,SA09,0,0,0.0012346244184300303
911,SA09,0,0,7.391979306703433e-05
912,SA09,0,0,0.00019856629660353065
913,SA09,0,0,0.024706073105335236
914,SA09,0,0,0.02679622918367386
915,SA09,0,0,0.028402971103787422
916,SA09,0,0,0.0004403612110763788
917,SA09,0,0,0.0027089007198810577
918,SA09,0,0,0.0006783546414226294
919,SA09,0,0,0.00015349622117355466
920,SA09,0,0,0.062451932579278946
921,SA09,0,0,0.042568910866975784
922,SA09,0,0,0.036197587847709656
923,SA09,0,0,0.035222169011831284
924,SA09,0,0,0.14883404970169067
925,SA09,0,0,0.1495109647512436
926,SA09,0,0,0.014181443490087986
927,SA09,0,0,0.001922592637129128
928,SA09,0,0,0.033121608197689056
929,SA09,0,0,0.2038232684135437
930,SA09,0,1,0.506645143032074
931,SA09,0,0,0.4506080448627472
932,SA09,0,1,0.5960623025894165
933,SA09,0,1,0.6536913514137268
934,SA09,0,1,0.6765457987785339
935,SA09,0,0,0.018170898780226707
936,SA09,0,0,0.0046212635934352875
937,SA09,0,0,0.00024343073891941458
938,SA09,0,0,0.0014480773825198412
939,SA09,0,0,0.06267134100198746
940,SA09,0,0,0.200580433011055
941,SA09,0,0,0.17812995612621307
942,SA09,0,0,0.0024371184408664703
943,SA09,0,0,5.515124576049857e-05
944,SA09,0,0,0.05963688716292381
945,SA09,0,0,0.09748829901218414
946,SA09,0,0,0.14761050045490265
947,SA09,0,0,0.14860457181930542
948,SA09,0,0,0.14355342090129852
949,SA09,0,0,0.11603151261806488
950,SA09,0,0,0.002248489996418357
951,SA09,0,0,0.0013428553938865662
952,SA09,0,0,0.0004020840860903263
953,SA09,0,0,0.0008801771327853203
954,SA09,0,0,0.2828017473220825
955,SA09,0,0,0.21989235281944275
956,SA09,0,0,0.3013235628604889
957,SA09,0,0,0.25295984745025635
958,SA09,0,0,0.25666508078575134
959,SA09,0,0,0.3308909833431244
960,SA09,0,0,0.04814937710762024
961,SA09,0,0,0.047556012868881226
962,SA09,0,0,0.1137850359082222
963,SA09,0,0,0.0006522051990032196
964,SA09,0,0,8.297678141389042e-05
965,SA09,0,0,0.00024161144392564893
966,SA09,0,0,0.0005594655522145331
967,SA09,0,0,0.00020485252025537193
968,SA09,0,0,0.00019195386266801506
969,SA09,0,0,0.0003921666357200593
970,SA09,0,0,0.0022225670982152224
971,SA09,0,0,7.892243593232706e-05
972,SA09,0,0,0.00015671465371269733
973,SA09,0,0,4.128650834900327e-05
974,SA09,0,0,0.05546725541353226
975,SA09,0,0,0.0554942786693573
976,SA09,0,0,0.05551591515541077
977,SA09,0,0,0.05604177340865135
978,SA09,0,0,0.001621647970750928
979,SA09,0,0,0.00198962539434433
980,SA09,0,0,0.0027527487836778164
981,SA09,0,0,0.0022457402665168047
982,SA09,0,0,0.0004489267012104392
983,SA09,0,0,0.00031481709447689354
984,SA09,0,0,0.0005927252350375056
985,SA09,0,0,0.00045404661796055734
986,SA09,0,0,0.0004853787540923804
987,SA09,0,0,0.0009387133177369833
988,SA09,0,0,0.00023183446319308132
989,SA09,0,0,0.0005110601196065545
990,SA09,0,0,0.0003630016290117055
991,SA09,0,0,0.000808467622846365
992,SA09,0,0,0.0016075308667495847
993,SA09,0,0,0.004199616611003876
994,SA09,0,0,0.022339290007948875
995,SA09,0,0,0.0008808038546703756
996,SA09,0,0,0.0009105617646127939
997,SA09,0,0,0.0003813758958131075
998,SA09,0,0,0.00026492905453778803
999,SA09,0,0,0.0007251408533193171
1000,SA09,0,0,0.0006521035684272647
1001,SA09,0,0,0.001304246368817985
1002,SA09,0,0,0.000742513919249177
1003,SA09,0,0,0.001591057749465108
1004,SA09,0,0,0.0005676755681633949
1005,SA09,0,0,0.0006328150629997253
1006,SA09,0,0,0.00034602853702381253
1007,SA09,0,0,0.0005715646548196673
1008,SA09,0,0,0.0006119197933003306
1009,SA09,0,0,0.0016238178359344602
1010,SA09,0,0,0.0012888716300949454
1011,SA09,0,0,0.001528399414382875
1012,SA09,0,0,0.001364702358841896
1013,SA09,0,0,0.004474297631531954
1014,SA09,0,0,0.006155700888484716
1015,SA09,0,0,0.0031017635483294725
1016,SA09,0,0,0.0011001323582604527
1017,SA09,0,0,0.0009362828568555415
1018,SA09,0,0,0.0015781274996697903
1019,SA09,0,0,0.001246731262654066
1020,SA09,0,0,0.0010467945830896497
1021,SA09,0,0,0.0012747000437229872
1022,SA09,0,0,0.0009662022348493338
1023,SA09,0,0,0.0012886690674349666
1024,SA09,0,0,0.0005949401529505849
1025,SA09,0,0,0.0019470916595309973
1026,SA09,0,0,0.0010439353063702583
1027,SA09,0,0,0.0017286200309172273
1028,SA09,0,0,0.00046767431194894016
1029,SA09,0,0,0.0001636040979065001
1030,SA09,0,0,0.011891350150108337
1031,SA09,0,0,0.0011896917130798101
1032,SA09,0,0,0.0018528830260038376
1033,SA09,0,0,0.0017199837602674961
1034,SA09,0,0,0.0257231704890728
1035,SA09,0,0,0.0032351023983210325
1036,SA09,0,0,0.0020898948423564434
1037,SA09,0,0,0.001060984912328422
1038,SA09,0,0,0.0008028594893403351
1039,SA09,0,0,0.000548632990103215
1040,SA09,0,0,0.00023412601149175316
1041,SA09,0,0,0.021702725440263748
1042,SA09,0,0,0.0010393456323072314
1043,SA09,0,0,0.0009924792684614658
1044,SA09,0,0,0.0010220075491815805
1045,SA09,0,0,0.0003203755768481642
1046,SA09,0,0,0.019966119900345802
1047,SA09,0,0,0.018835032358765602
1048,SA09,0,0,0.005241622682660818
1049,SA09,0,0,0.016796911135315895
1050,SA09,0,0,0.0008255257271230221
1051,SA09,0,0,0.000820841349195689
1052,SA09,0,0,0.00035860019852407277
1053,SA09,0,0,0.001086805365048349
1054,SA09,0,0,0.0007385626086033881
1055,SA09,0,0,0.0006919729639776051
1056,SA09,0,0,0.019844500347971916
1057,SA09,0,0,0.019159793853759766
1058,SA09,1,1,0.991532027721405
1059,SA09,1,1,0.9933868050575256
1060,SA09,1,1,0.9953427314758301
1061,SA09,1,1,0.9922717809677124
1062,SA09,1,1,0.9763283133506775
1063,SA09,1,1,0.9124639630317688
1064,SA09,1,1,0.9742884635925293
1065,SA09,1,1,0.9923876523971558
1066,SA09,1,1,0.9925286769866943
1067,SA09,1,1,0.992628812789917
1068,SA09,1,1,0.996977686882019
1069,SA09,1,1,0.9967119693756104
1070,SA09,1,1,0.9966610670089722
1071,SA09,1,1,0.9975259900093079
1072,SA09,1,1,0.9957583546638489
1073,SA09,1,1,0.9967026114463806
1074,SA09,1,1,0.9991901516914368
1075,SA09,1,1,0.9993182420730591
1076,SA09,1,1,0.9993322491645813
1077,SA09,1,1,0.9993711113929749
1078,SA09,1,1,0.987082839012146
1079,SA09,1,1,0.9927939176559448
1080,SA09,1,1,0.9932864308357239
1081,SA09,1,1,0.9929763674736023
1082,SA09,1,1,0.8805010914802551
1083,SA09,1,0,0.17434988915920258
1084,SA09,1,0,0.17349785566329956
1085,SA09,1,0,0.17321719229221344
1086,SA09,1,0,0.416390061378479
1087,SA09,1,0,0.46030446887016296
1088,SA09,1,1,0.9866633415222168
1089,SA09,1,1,0.9938442707061768
1090,SA09,1,1,0.9945966005325317
1091,SA09,1,1,0.9921620488166809
1092,SA09,1,1,0.9827447533607483
1093,SA09,1,1,0.9792332053184509
1094,SA09,1,1,0.9920918941497803
1095,SA09,1,1,0.9969820380210876
1096,SA09,1,1,0.9971185922622681
1097,SA09,1,1,0.9971877932548523
1098,SA09,1,1,0.983637273311615
1099,SA09,1,1,0.9876793026924133
1100,SA09,1,1,0.9932888150215149
1101,SA09,1,1,0.990104615688324
1102,SA09,1,1,0.9817984700202942
1103,SA09,1,1,0.9593754410743713
1104,SA09,1,1,0.9738427996635437
1105,SA09,1,1,0.992206871509552
1106,SA09,1,1,0.9933079481124878
1107,SA09,1,1,0.9939948916435242
1108,SA09,1,1,0.9960009455680847
1109,SA09,1,1,0.9966362714767456
1110,SA09,1,1,0.9962033629417419
1111,SA09,1,1,0.9890515208244324
1112,SA09,1,1,0.9920950531959534
1113,SA09,1,1,0.9938870072364807
1114,SA09,1,1,0.9986636638641357
1115,SA09,1,1,0.9986481070518494
1116,SA09,1,1,0.998948872089386
1117,SA09,1,1,0.9989504218101501
1118,SA09,1,1,0.9493729472160339
1119,SA09,1,1,0.9915830492973328
1120,SA09,1,1,0.9930918216705322
1121,SA09,1,1,0.99049311876297
1122,SA09,1,1,0.9898228645324707
1123,SA09,1,1,0.9788974523544312
1124,SA09,1,1,0.9503772258758545
1125,SA09,1,1,0.9851118922233582
1126,SA09,1,1,0.9867320656776428
1127,SA09,1,1,0.9870666861534119
1128,SA09,1,1,0.9953160285949707
1129,SA09,1,1,0.9958949089050293
1130,SA09,1,1,0.9962307810783386
1131,SA09,1,1,0.9958382844924927
1132,SA09,1,1,0.987506628036499
1133,SA09,1,1,0.9792126417160034
1134,SA09,1,1,0.998021125793457
1135,SA09,1,1,0.9985978007316589
1136,SA09,1,1,0.9987618923187256
1137,SA09,1,1,0.9986963868141174
1138,SA09,1,1,0.9926113486289978
1139,SA09,1,1,0.9949118494987488
1140,SA09,1,1,0.9961051940917969
1141,SA09,1,1,0.9955458641052246
1142,SA09,1,1,0.957334578037262
1143,SA09,1,1,0.9687387347221375
1144,SA09,1,1,0.9983950257301331
1145,SA09,1,1,0.9983349442481995
1146,SA09,1,1,0.9981788396835327
1147,SA09,1,1,0.9980218410491943
1148,SA09,1,1,0.9935407042503357
1149,SA09,1,1,0.9954628348350525
1150,SA09,1,1,0.9955170750617981
1151,SA09,1,1,0.995405912399292
1152,SA09,1,1,0.9726517796516418
1153,SA09,1,1,0.992489755153656
1154,SA09,1,1,0.979347288608551
1155,SA09,1,1,0.9914264678955078
1156,SA09,1,1,0.9915334582328796
1157,SA09,1,1,0.9917126893997192
1158,SA09,1,1,0.9973345994949341
1159,SA09,1,1,0.9976025223731995
1160,SA09,1,1,0.9978749752044678
1161,SA09,1,1,0.9782343506813049
1162,SA09,1,1,0.9529591798782349
1163,SA09,1,1,0.998306393623352
1164,SA09,1,1,0.998565137386322
1165,SA09,1,1,0.9986144304275513
1166,SA09,1,1,0.9986710548400879
1167,SA09,1,1,0.9986942410469055
1168,SA09,1,1,0.9976949095726013
1169,SA09,1,1,0.9978466033935547
1170,SA09,1,1,0.9975376129150391
1171,SA09,1,1,0.9928573369979858
1172,SA09,1,1,0.9840113520622253
1173,SA09,1,1,0.9989450573921204
1174,SA09,1,1,0.9995772242546082
1175,SA09,1,1,0.99956876039505
1176,SA09,1,1,0.9995622038841248
1177,SA09,1,1,0.9995576739311218
1178,SA09,1,1,0.9973723888397217
1179,SA09,1,1,0.9976886510848999
1180,SA09,1,1,0.9975841045379639
1181,SA09,1,1,0.9968550205230713
1182,SA09,1,1,0.9933028221130371
1183,SA09,1,1,0.9886890053749084
1184,SA09,1,1,0.999298095703125
1185,SA09,1,1,0.9992473125457764
1186,SA09,1,1,0.9992367029190063
1187,SA09,1,1,0.9992355108261108
1188,SA09,1,1,0.9958089590072632
1189,SA09,1,1,0.9962083101272583
1190,SA09,1,1,0.9948362112045288
1191,SA09,1,1,0.9947015047073364
1192,SA09,1,1,0.9920390844345093
1193,SA09,1,1,0.9988799691200256
1194,SA09,1,1,0.9993890523910522
1195,SA09,1,1,0.9993923902511597
1196,SA09,1,1,0.9993894100189209
1197,SA09,1,1,0.9993991851806641
1198,SA09,1,1,0.9930309653282166
1199,SA09,1,1,0.9951327443122864
1200,SA09,1,1,0.9957423806190491
1201,SA09,1,1,0.9933158755302429
1202,SA09,1,1,0.9872192144393921
1203,SA09,1,1,0.9792454242706299
1204,SA09,1,1,0.9984580278396606
1205,SA09,1,1,0.998831570148468
1206,SA09,1,1,0.998863935470581
1207,SA09,1,1,0.9989005327224731
1208,SA09,1,1,0.9850088357925415
1209,SA09,1,1,0.9756975173950195
1210,SA09,1,1,0.9880862236022949
1211,SA09,1,1,0.9915163516998291
1212,SA09,1,1,0.9697476625442505
1213,SA09,1,1,0.9832293391227722
1214,SA09,1,1,0.99459308385849
1215,SA09,1,1,0.9959127306938171
1216,SA09,1,1,0.9965676069259644
1217,SA09,1,1,0.996587872505188
1218,SA09,1,1,0.9859041571617126
1219,SA09,1,1,0.9933521747589111
1220,SA09,1,1,0.9727530479431152
1221,SA09,1,1,0.984727144241333
1222,SA09,1,1,0.9659387469291687
1223,SA09,1,1,0.9623845815658569
1224,SA09,1,1,0.9953743815422058
1225,SA09,1,1,0.9966973066329956
1226,SA09,1,1,0.9968716502189636
1227,SA09,1,1,0.9968242645263672
1228,SA09,1,1,0.9921305775642395
1229,SA09,1,1,0.9922351241111755
1230,SA09,1,1,0.9927259683609009
1231,SA09,1,1,0.9941781759262085
1232,SA09,1,1,0.9915106892585754
1233,SA09,1,1,0.9848465919494629
1234,SA09,1,1,0.9781012535095215
1235,SA09,1,1,0.9962965846061707
1236,SA09,1,1,0.9963575005531311
1237,SA09,1,1,0.9963340759277344
1238,SA09,1,1,0.9851846694946289
1239,SA09,1,1,0.9899415373802185
1240,SA09,1,1,0.992562472820282
1241,SA09,1,1,0.9914395809173584
1242,SA09,1,1,0.9877239465713501
1243,SA09,1,1,0.93206787109375
1244,SA09,1,1,0.9785903096199036
1245,SA09,1,1,0.9982313513755798
1246,SA09,1,1,0.9988189339637756
1247,SA09,1,1,0.998927891254425
1248,SA09,1,1,0.9943429231643677
1249,SA09,1,1,0.9951997995376587
1250,SA09,1,1,0.996218740940094
1251,SA09,1,1,0.9948739409446716
1252,SA09,1,1,0.9842475652694702
1253,SA09,1,1,0.995919942855835
1254,SA09,1,1,0.9995083808898926
1255,SA09,1,1,0.9998214840888977
1256,SA09,1,1,0.9998188614845276
1257,SA09,1,1,0.9998201727867126
1258,SA09,1,1,0.9951735138893127
1259,SA09,1,1,0.9960274696350098
1260,SA09,1,1,0.9934812784194946
1261,SA09,1,1,0.9790436029434204
1262,SA09,1,1,0.9241212606430054
1263,SA09,1,1,0.9798579216003418
1264,SA09,1,1,0.9783105850219727
1265,SA09,1,1,0.9788501858711243
1266,SA09,1,1,0.9811636805534363
1267,SA09,1,1,0.9812028408050537
1268,SA09,1,1,0.9950317144393921
1269,SA09,1,1,0.9883279204368591
1270,SA09,1,1,0.9739927649497986
1271,SA09,1,1,0.9653717875480652
1272,SA09,1,1,0.971433162689209
1273,SA09,1,1,0.9662674069404602
1274,SA09,1,1,0.9719617366790771
1275,SA09,1,1,0.969234824180603
1276,SA09,1,1,0.9704537391662598
1277,SA09,1,1,0.9752597212791443
1278,SA09,1,1,0.9948721528053284
1279,SA09,1,1,0.9920207858085632
1280,SA09,1,1,0.9815812110900879
1281,SA09,1,1,0.9564482569694519
1282,SA09,1,1,0.9907265901565552
1283,SA09,1,1,0.9942968487739563
1284,SA09,1,1,0.9941555261611938
1285,SA09,1,1,0.994365930557251
1286,SA09,1,1,0.9936556816101074
1287,SA09,1,1,0.9937300682067871
1288,SA09,1,1,0.9974610805511475
1289,SA09,1,1,0.9935264587402344
1290,SA09,1,1,0.9367235898971558
1291,SA09,1,1,0.9507662653923035
1292,SA09,1,1,0.9915916919708252
1293,SA09,1,1,0.9981964230537415
1294,SA09,1,1,0.9981878399848938
1295,SA09,1,1,0.9984049201011658
1296,SA09,1,1,0.9984057545661926
1297,SA09,1,1,0.9981294274330139
1298,SA09,1,1,0.996967613697052
1299,SA09,1,1,0.9880708456039429
1300,SA09,1,1,0.8799349069595337
1301,SA09,1,1,0.9912503957748413
1302,SA09,1,1,0.994719386100769
1303,SA09,1,1,0.9978686571121216
1304,SA09,1,1,0.9978420734405518
1305,SA09,1,1,0.9979301691055298
1306,SA09,1,1,0.9979289770126343
1307,SA09,1,1,0.9979143738746643
1308,SA09,1,1,0.9915790557861328
1309,SA09,1,1,0.9950372576713562
1310,SA09,1,1,0.9962235689163208
1311,SA09,1,1,0.9962179064750671
1312,SA09,1,1,0.9970188140869141
1313,SA09,1,1,0.9707038402557373
1314,SA09,1,1,0.908539891242981
1315,SA09,1,1,0.9739171266555786
1316,SA09,1,1,0.9766814708709717
1317,SA09,1,1,0.9765670299530029
1318,SA09,1,1,0.9899058938026428
1319,SA09,1,1,0.9954769015312195
1320,SA09,1,1,0.9960632920265198
1321,SA09,1,1,0.9965659976005554
1322,SA09,1,1,0.9874924421310425
1323,SA09,1,1,0.9878844618797302
1324,SA09,1,1,0.9815426468849182
1325,SA09,1,1,0.9919702410697937
1326,SA09,1,1,0.991376519203186
1327,SA09,1,1,0.9917883276939392
1328,SA09,1,1,0.9905750155448914
1329,SA09,1,1,0.9970954656600952
1330,SA09,1,1,0.9970731735229492
1331,SA09,1,1,0.9959008097648621
1332,SA09,1,1,0.9959335923194885
1333,SA09,1,1,0.9858402013778687
1334,SA09,1,1,0.9610218405723572
1335,SA09,1,1,0.9895656108856201
1336,SA09,1,1,0.9885284304618835
1337,SA09,1,1,0.9880807399749756
1338,SA09,1,1,0.9944708347320557
1339,SA09,1,1,0.9956336617469788
1340,SA09,1,1,0.9967570900917053
1341,SA09,1,1,0.9968902468681335
1342,SA09,1,1,0.995210587978363
1343,SA09,1,1,0.9922198057174683
1344,SA09,1,1,0.9388182759284973
1345,SA09,1,1,0.9777529239654541
1346,SA09,1,1,0.975604236125946
1347,SA09,1,1,0.9767181277275085
1348,SA09,1,1,0.9947535991668701
1349,SA09,1,1,0.9973675608634949
1350,SA09,1,1,0.9976189732551575
1351,SA09,1,1,0.9971598386764526
1352,SA09,1,1,0.997998058795929
1353,SA09,1,1,0.9954818487167358
1354,SA09,1,1,0.9784366488456726
1355,SA09,1,1,0.9927526712417603
1356,SA09,1,1,0.9922487735748291
1357,SA09,1,1,0.9921367168426514
1358,SA09,1,1,0.9964655637741089
1359,SA09,1,1,0.996036946773529
1360,SA09,1,1,0.9924392700195312
1361,SA09,1,1,0.9937806725502014
1362,SA09,1,1,0.9939992427825928
1363,SA09,1,1,0.9985048770904541
1364,SA09,1,1,0.9984644651412964
1365,SA09,1,1,0.9985226988792419
1366,SA09,1,1,0.9984608888626099
1367,SA09,1,1,0.9984922409057617
1368,SA09,1,1,0.9951533079147339
1369,SA09,1,1,0.99580979347229
1370,SA09,1,1,0.9956852197647095
1371,SA09,1,1,0.9936347007751465
1372,SA09,1,1,0.9864827990531921
1373,SA09,1,1,0.9898642897605896
1374,SA09,1,1,0.9973219037055969
1375,SA09,1,1,0.997323215007782
1376,SA09,1,1,0.9972348809242249
1377,SA09,1,1,0.9973915815353394
1378,SA09,1,1,0.9940288066864014
1379,SA09,1,1,0.9948230981826782
1380,SA09,1,1,0.9954997897148132
1381,SA09,1,1,0.9934697151184082
1382,SA09,1,1,0.8878495693206787
1383,SA09,1,1,0.9870691299438477
1384,SA09,1,1,0.9917671084403992
1385,SA09,1,1,0.9962033629417419
1386,SA09,1,1,0.9962728023529053
1387,SA09,1,1,0.9962674975395203
1388,SA09,1,1,0.9867334961891174
1389,SA09,1,1,0.9892938137054443
1390,SA09,1,1,0.9923235177993774
1391,SA09,1,1,0.9871615767478943
1392,SA09,1,1,0.9894550442695618
1393,SA09,1,1,0.9928480386734009
1394,SA09,1,1,0.9898634552955627
1395,SA09,1,1,0.9925111532211304
1396,SA09,1,1,0.9924134612083435
1397,SA09,1,1,0.9925222992897034
1398,SA09,1,1,0.9927120208740234
1399,SA09,1,1,0.9883565306663513
1400,SA09,1,1,0.9932639598846436
1401,SA09,1,1,0.9874353408813477
1402,SA09,1,1,0.9905491471290588
1403,SA09,1,1,0.9889934659004211
1404,SA09,1,1,0.9939683675765991
1405,SA09,1,1,0.9969913959503174
1406,SA09,1,1,0.9969898462295532
1407,SA09,1,1,0.9970429539680481
1408,SA09,1,1,0.995739221572876
1409,SA09,1,1,0.9960744380950928
1410,SA09,1,1,0.9977290034294128
1411,SA09,1,1,0.9953060746192932
1412,SA09,1,1,0.9991402626037598
1413,SA09,1,1,0.9991303086280823
1414,SA09,1,1,0.9994584918022156
1415,SA09,1,1,0.9994789958000183
1416,SA09,1,1,0.9994996786117554
1417,SA09,1,1,0.9994532465934753
1418,SA09,1,1,0.9961336851119995
1419,SA09,1,1,0.996222734451294
1420,SA09,1,1,0.9969839453697205
1421,SA09,1,1,0.9948793649673462
1422,SA09,1,1,0.9950833320617676
1423,SA09,1,1,0.9900267124176025
1424,SA09,1,1,0.9986114501953125
1425,SA09,1,1,0.9987253546714783
1426,SA09,1,1,0.9984875917434692
1427,SA09,1,1,0.9985288381576538
1428,SA09,1,1,0.5564992427825928
1429,SA09,1,1,0.5706380009651184
1430,SA09,1,1,0.5881116986274719
1431,SA09,1,1,0.982430636882782
1432,SA09,1,1,0.9749106764793396
1433,SA09,1,1,0.9868023991584778
1434,SA09,1,1,0.9904190897941589
1435,SA09,1,1,0.9994667172431946
1436,SA09,1,1,0.9994879961013794
1437,SA09,1,1,0.9994833469390869
1438,SA09,1,1,0.9986358284950256
1439,SA09,1,1,0.9986338019371033
1440,SA09,1,1,0.9981613755226135
1441,SA09,1,1,0.9962289929389954
1442,SA09,1,1,0.9943374991416931
1443,SA09,1,1,0.9995911717414856
1444,SA09,1,1,0.9997325539588928
1445,SA09,1,1,0.9997269511222839
1446,SA09,1,1,0.9997254014015198
1447,SA09,1,1,0.9997311234474182
1448,SA09,1,1,0.9983382225036621
1449,SA09,1,1,0.998353123664856
1450,SA09,1,1,0.9983219504356384
1451,SA09,1,1,0.9789007902145386
1452,SA09,1,1,0.9446829557418823
1453,SA09,1,1,0.9963451027870178
1454,SA09,1,1,0.9992056488990784
1455,SA09,1,1,0.9993056058883667
1456,SA09,1,1,0.9992026686668396
1457,SA09,1,1,0.9992225170135498
1458,SA09,1,1,0.9982936978340149
1459,SA09,1,1,0.9983227849006653
1460,SA09,1,1,0.9986427426338196
1461,SA09,1,1,0.9988620281219482
1462,SA09,1,1,0.9988609552383423
1463,SA09,1,1,0.9991497993469238
1464,SA09,1,1,0.9994507431983948
1465,SA09,1,1,0.9994481205940247
1466,SA09,1,1,0.9994562268257141
1467,SA09,1,1,0.9994506239891052
1468,SA09,1,1,0.996964156627655
1469,SA09,1,1,0.9969991445541382
1470,SA09,1,1,0.9975137710571289
1471,SA09,1,1,0.9981867671012878
1472,SA09,1,1,0.9971068501472473
1473,SA09,1,1,0.9963812232017517
1474,SA09,1,1,0.998852014541626
1475,SA09,1,1,0.9987989664077759
1476,SA09,1,1,0.9987862706184387
1477,SA09,1,1,0.9988082647323608
1478,SA09,1,1,0.6929461359977722
1479,SA09,1,1,0.7561461329460144
1480,SA09,1,1,0.930208683013916
1481,SA09,1,1,0.9953312277793884
1482,SA09,1,1,0.9941991567611694
1483,SA09,1,1,0.9647103548049927
1484,SA09,1,1,0.9929941296577454
1485,SA09,1,1,0.9993964433670044
1486,SA09,1,1,0.9993264675140381
1487,SA09,1,1,0.9992676377296448
1488,SA09,1,1,0.9968588352203369
1489,SA09,1,1,0.9973258972167969
1490,SA09,1,1,0.9959296584129333
1491,SA09,1,1,0.9857431054115295
1492,SA09,1,1,0.9813035726547241
1493,SA09,1,1,0.9980667233467102
1494,SA09,1,1,0.9987590312957764
1495,SA09,1,1,0.9989027976989746
1496,SA09,1,1,0.9989275336265564
1497,SA09,1,1,0.9989176988601685
1498,SA09,1,1,0.9954041242599487
1499,SA09,1,1,0.996166467666626
1500,SA09,1,1,0.997628390789032
1501,SA09,1,1,0.9912801384925842
1502,SA09,1,1,0.9949949979782104
1503,SA09,1,1,0.9985632300376892
1504,SA09,1,1,0.9997417330741882
1505,SA09,1,1,0.9997511506080627
1506,SA09,1,1,0.9997597336769104
1507,SA09,1,1,0.9997608065605164
1508,SA09,1,1,0.9990405440330505
1509,SA09,1,1,0.9989482760429382
1510,SA09,1,1,0.988473117351532
1511,SA09,1,1,0.9883027672767639
1512,SA09,1,1,0.986522376537323
1513,SA09,1,1,0.9986523985862732
1514,SA09,1,1,0.9994630217552185
1515,SA09,1,1,0.9994956254959106
1516,SA09,1,1,0.9995229244232178
1517,SA09,1,1,0.9995391368865967
1518,SA09,1,1,0.998923122882843
1519,SA09,1,1,0.9989196062088013
1520,SA09,1,1,0.9947746992111206
1521,SA09,1,1,0.755081832408905
1522,SA09,1,1,0.9575493335723877
1523,SA09,1,1,0.9978047013282776
1524,SA09,1,1,0.9990037083625793
1525,SA09,1,1,0.9993698000907898
1526,SA09,1,1,0.9995112419128418
1527,SA09,1,1,0.9994971752166748
1528,SA09,1,1,0.9976428151130676
1529,SA09,1,1,0.9974225759506226
1530,SA09,1,1,0.9945095181465149
1531,SA09,1,1,0.9165735840797424
1532,SA09,1,1,0.7397187948226929
1533,SA09,1,1,0.9936605095863342
1534,SA09,1,1,0.9994091987609863
1535,SA09,1,1,0.9994412064552307
1536,SA09,1,1,0.9995062351226807
1537,SA09,1,1,0.999535322189331
1538,SA09,1,1,0.9984017014503479
1539,SA09,1,1,0.9983591437339783
1540,SA09,1,1,0.9980054497718811
1541,SA09,1,1,0.9497638940811157
1542,SA09,1,1,0.8748232126235962
1543,SA09,1,1,0.9283831119537354
1544,SA09,1,1,0.9975680708885193
1545,SA09,1,1,0.9978300929069519
1546,SA09,1,1,0.9974572062492371
1547,SA09,1,1,0.9980030655860901
1548,SA09,1,1,0.9990733861923218
1549,SA09,1,1,0.9966202974319458
1550,SA09,1,1,0.9890916347503662
1551,SA09,1,1,0.967210054397583
1552,SA09,1,1,0.9985381364822388
1553,SA09,1,1,0.9990731477737427
1554,SA09,1,1,0.9990395903587341
1555,SA09,1,1,0.9990154504776001
1556,SA09,1,1,0.9990841150283813
1557,SA09,1,1,0.9992332458496094
1558,SA09,1,1,0.9967638254165649
1559,SA09,1,1,0.9966141581535339
1560,SA09,1,1,0.9934555888175964
1561,SA09,1,1,0.9933068156242371
1562,SA09,1,1,0.9974824786186218
1563,SA09,1,1,0.997837483882904
1564,SA09,1,1,0.9976837635040283
1565,SA09,1,1,0.9975913763046265
1566,SA09,1,1,0.9974302649497986
1567,SA09,1,1,0.9976474642753601
1568,SA09,1,1,0.9958017468452454
1569,SA09,1,1,0.9957951307296753
1570,SA09,1,1,0.9925881028175354
1571,SA09,1,1,0.9622675776481628
1572,SA09,1,1,0.9775428771972656
1573,SA09,1,1,0.9932605624198914
1574,SA09,1,1,0.9966567754745483
1575,SA09,1,1,0.9967734217643738
1576,SA09,1,1,0.9969858527183533
1577,SA09,1,1,0.9972360730171204
1578,SA09,1,1,0.9956823587417603
1579,SA09,1,1,0.9956918358802795
1580,SA09,1,1,0.9955546259880066
1581,SA09,1,1,0.9875698685646057
1582,SA09,1,1,0.9982355833053589
1583,SA09,1,1,0.9989587068557739
1584,SA09,1,1,0.9988613128662109
1585,SA09,1,1,0.9988855719566345
1586,SA09,1,1,0.9988172054290771
1587,SA09,1,1,0.9988530874252319
1588,SA09,1,1,0.9949317574501038
1589,SA09,1,1,0.994875967502594
1590,SA09,1,1,0.9946337938308716
1591,SA09,1,1,0.9939053654670715
1592,SA09,1,1,0.9967333078384399
1593,SA09,1,1,0.9962378740310669
1594,SA09,1,1,0.9984708428382874
1595,SA09,1,1,0.9987115859985352
1596,SA09,1,1,0.9985693693161011
1597,SA09,1,1,0.998670220375061
1598,SA09,1,1,0.9928279519081116
1599,SA09,1,1,0.9928265810012817
1600,SA09,1,1,0.9892199635505676
1601,SA09,1,1,0.9000397324562073
1602,SA09,1,1,0.9843946695327759
1603,SA09,1,1,0.9948393702507019
1604,SA09,1,1,0.9973760843276978
1605,SA09,1,1,0.9973292350769043
1606,SA09,1,1,0.9973147511482239
1607,SA09,1,1,0.9973325729370117
1608,SA09,1,1,0.9966087341308594
1609,SA09,1,1,0.9965749382972717
1610,SA09,1,1,0.9964663982391357
1611,SA09,1,1,0.9971110820770264
1612,SA09,1,1,0.990655243396759
1613,SA09,1,1,0.9888778328895569
1614,SA09,1,1,0.9982662796974182
1615,SA09,1,1,0.9982783794403076
1616,SA09,1,1,0.9982755184173584
1617,SA09,1,1,0.9980565905570984
1618,SA09,1,1,0.9961214661598206
1619,SA09,1,1,0.9961327314376831
1620,SA09,1,1,0.9962323307991028
1621,SA09,1,1,0.9964902997016907
1622,SA09,1,1,0.8932974338531494
1623,SA09,1,1,0.9400931596755981
1624,SA09,1,1,0.992749035358429
1625,SA09,1,1,0.9940646290779114
1626,SA09,1,1,0.9932524561882019
1627,SA09,1,1,0.9928728342056274
1628,SA09,1,1,0.9932700991630554
1629,SA09,1,1,0.9930793642997742
1630,SA09,1,1,0.9932242631912231
1631,SA09,1,1,0.9945249557495117
1632,SA09,1,1,0.9929962754249573
1633,SA09,1,1,0.9025010466575623
1634,SA09,1,1,0.9703578948974609
1635,SA09,1,1,0.9851304888725281
1636,SA09,1,1,0.983843982219696
1637,SA09,1,1,0.9844675064086914
1638,SA09,1,1,0.9949470162391663
1639,SA09,1,1,0.9949257373809814
1640,SA09,1,1,0.9949331879615784
1641,SA09,1,1,0.9906608462333679
1642,SA09,1,1,0.9684557914733887
1643,SA09,1,1,0.9727564454078674
1644,SA09,1,1,0.9979310035705566
1645,SA09,1,1,0.9984856247901917
1646,SA09,1,1,0.9983578324317932
1647,SA09,1,1,0.9984317421913147
1648,SA09,1,1,0.9961190223693848
1649,SA09,1,1,0.9960928559303284
1650,SA09,1,1,0.9953755140304565
1651,SA09,1,1,0.9892706871032715
1652,SA09,1,1,0.8683465719223022
1653,SA09,1,1,0.9928688406944275
1654,SA09,1,1,0.998482882976532
1655,SA09,1,1,0.9985911250114441
1656,SA09,1,1,0.99854975938797
1657,SA09,1,1,0.9984706044197083
1658,SA09,1,1,0.9960973858833313
1659,SA09,1,1,0.9958531856536865
1660,SA09,1,1,0.9956538677215576
1661,SA09,1,1,0.9841728210449219
1662,SA09,1,1,0.9563008546829224
1663,SA09,1,1,0.9786977171897888
1664,SA09,1,1,0.9962278604507446
1665,SA09,1,1,0.997225284576416
1666,SA09,1,1,0.997934103012085
1667,SA09,1,1,0.9985437393188477
1668,SA09,1,1,0.7853037118911743
1669,SA09,1,1,0.799493670463562
1670,SA09,1,1,0.7775565385818481
1671,SA09,1,1,0.6958693265914917
1672,SA09,1,1,0.5972143411636353
1673,SA09,1,1,0.9252650141716003
1674,SA09,1,1,0.8729509115219116
1675,SA09,1,1,0.9722394943237305
1676,SA09,1,1,0.9842627644538879
1677,SA09,1,1,0.9825137257575989
1678,SA09,1,1,0.5731273293495178
1679,SA09,1,1,0.5616793632507324
1680,SA09,1,1,0.5682318806648254
1681,SA09,1,1,0.5585111975669861
1682,SA09,1,0,0.43956705927848816
1683,SA09,1,1,0.5783042311668396
1684,SA09,1,1,0.864275336265564
1685,SA09,1,1,0.7187837362289429
1686,SA09,1,1,0.755543053150177
1687,SA09,1,1,0.7672714591026306
1688,SA09,1,1,0.7922131419181824
1689,SA09,1,1,0.7794923782348633
1690,SA09,1,1,0.757156491279602
1691,SA09,1,1,0.6176847815513611
1692,SA09,1,0,0.35617557168006897
1693,SA09,1,1,0.6132436990737915
1694,SA09,1,1,0.619497537612915
1695,SA09,1,0,0.403096079826355
1696,SA09,1,1,0.5734514594078064
1697,SA09,1,1,0.5531595349311829
1698,SA09,1,1,0.9891179203987122
1699,SA09,1,1,0.9898171424865723
1700,SA09,1,1,0.9925716519355774
1701,SA09,1,1,0.9934079647064209
1702,SA09,1,1,0.921985924243927
1703,SA09,1,1,0.925482451915741
1704,SA09,1,1,0.9469199180603027
1705,SA09,1,1,0.9650986790657043
1706,SA09,1,1,0.9700797200202942
1707,SA09,1,1,0.9900976419448853
1708,SA09,1,1,0.9975627660751343
1709,SA09,1,1,0.9974724650382996
1710,SA09,1,1,0.9960582256317139
1711,SA09,1,1,0.9987454414367676
1712,SA09,1,1,0.998993456363678
1713,SA09,1,1,0.9990819692611694
1714,SA09,1,1,0.999117910861969
1715,SA09,1,1,0.999299168586731
1716,SA09,1,1,0.999305009841919
1717,SA09,1,1,0.9993355870246887
1718,SA09,1,1,0.9945886135101318
1719,SA09,1,1,0.9946711659431458
1720,SA09,1,1,0.9947176575660706
1721,SA09,1,1,0.9864821434020996
1722,SA09,1,1,0.987093985080719
1723,SA09,1,1,0.9924967288970947
1724,SA09,1,1,0.9984087347984314
1725,SA09,1,1,0.9984732270240784
1726,SA09,1,1,0.9983338713645935
1727,SA09,1,1,0.9984748959541321
1728,SA09,1,1,0.8418484926223755
1729,SA09,1,1,0.8410747051239014
1730,SA09,1,1,0.8295314908027649
1731,SA09,1,1,0.7178245186805725
1732,SA09,1,1,0.7277870774269104
1733,SA09,1,1,0.9809143543243408
1734,SA09,1,1,0.9985062479972839
1735,SA09,1,1,0.9992201328277588
1736,SA09,1,1,0.999293327331543
1737,SA09,1,1,0.9992198944091797
1738,SA09,1,1,0.9973682761192322
1739,SA09,1,1,0.9972184896469116
1740,SA09,1,1,0.983763575553894
1741,SA09,1,1,0.9791247248649597
1742,SA09,1,1,0.7206054925918579
1743,SA09,1,1,0.9892516732215881
1744,SA09,1,1,0.9971777200698853
1745,SA09,1,1,0.9972981810569763
1746,SA09,1,1,0.9975371360778809
1747,SA09,1,1,0.9973235726356506
1748,SA09,1,1,0.9249114394187927
1749,SA09,1,1,0.9238197207450867
1750,SA09,1,1,0.9349196553230286
1751,SA09,1,1,0.8915265798568726
1752,SA09,1,1,0.9379162192344666
1753,SA09,1,1,0.9819269776344299
1754,SA09,1,1,0.9925872683525085
1755,SA09,1,1,0.9984760880470276
1756,SA09,1,1,0.9983295798301697
1757,SA09,1,1,0.998239278793335
1758,SA09,1,1,0.9951636791229248
1759,SA09,1,1,0.9952619075775146
1760,SA09,1,1,0.9952486157417297
1761,SA09,1,1,0.9967221617698669
1762,SA09,1,1,0.9988957643508911
1763,SA09,1,1,0.9986082911491394
1764,SA09,1,1,0.9981129169464111
1765,SA09,1,1,0.9982311129570007
1766,SA09,1,1,0.9983036518096924
1767,SA09,1,1,0.9982848763465881
1768,SA09,1,1,0.9940826296806335
1769,SA09,1,1,0.994492769241333
1770,SA09,1,1,0.9948662519454956
1771,SA09,1,1,0.9774407744407654
1772,SA09,1,1,0.9700170159339905
1773,SA09,1,1,0.9721602201461792
1774,SA09,1,1,0.9954839944839478
1775,SA09,1,1,0.9965324401855469
1776,SA09,1,1,0.9968462586402893
1777,SA09,1,1,0.9969105124473572
1778,SA09,1,0,0.2078411877155304
1779,SA09,1,0,0.2101374864578247
1780,SA09,1,0,0.2116396278142929
1781,SA09,1,0,0.26640668511390686
1782,SA09,1,1,0.9696829319000244
1783,SA09,1,1,0.9961960315704346
1784,SA09,1,1,0.9973914623260498
1785,SA09,1,1,0.9985963702201843
1786,SA09,1,1,0.999402642250061
1787,SA09,1,1,0.9993960857391357
1788,SA09,1,0,0.10065847635269165
1789,SA09,1,0,0.1003119945526123
1790,SA09,1,0,0.1015719547867775
1791,SA09,1,0,0.1144920289516449
1792,SA09,1,0,0.13225705921649933
1793,SA09,1,1,0.5315444469451904
1794,SA09,1,1,0.939900815486908
1795,SA09,1,1,0.6592761874198914
1796,SA09,1,1,0.6141847372055054
1797,SA09,1,1,0.7039279341697693
1798,SA09,1,1,0.8576387166976929
1799,SA09,1,1,0.8584409952163696
1800,SA09,1,1,0.9063068628311157
1801,SA09,1,1,0.9952594637870789
1802,SA09,1,1,0.9978340268135071
1803,SA09,1,1,0.9964930415153503
1804,SA09,1,1,0.9985652565956116
1805,SA09,1,1,0.9982241988182068
1806,SA09,1,1,0.9981749057769775
1807,SA09,1,1,0.9984802603721619
